project,product_id,institute,model,experiment,frequency,modeling_realm,mip_table,ensemble_member,version,variable,temporal_subset,format,uri
cmip5,output1,CSIRO-BOM,ACCESS1-3,piControl,mon,atmos,Amon,r1i1p1,v20130524,tas,025001-049912,netcdf,/work/kd0956/CMIP5/data/cmip5/output1/CSIRO-BOM/ACCESS1-3/piControl/mon/atmos/Amon/r1i1p1/v20130524/tas/tas_Amon_ACCESS1-3_piControl_r1i1p1_025001-049912.nc
cmip5,output1,CSIRO-BOM,ACCESS1-3,piControl,mon,atmos,Amon,r1i1p1,v20130524,tas,050001-074912,netcdf,/work/kd0956/CMIP5/data/cmip5/output1/CSIRO-BOM/ACCESS1-3/piControl/mon/atmos/Amon/r1i1p1/v20130524/tas/tas_Amon_ACCESS1-3_piControl_r1i1p1_050001-074912.nc
cmip5,output1,BNU,BNU-ESM,piControl,mon,atmos,Amon,r1i1p1,v20120626,tas,145001-200812,netcdf,/work/kd0956/CMIP5/data/cmip5/output1/BNU/BNU-ESM/piControl/mon/atmos/Amon/r1i1p1/v20120626/tas/tas_Amon_BNU-ESM_piControl_r1i1p1_145001-200812.nc
cmip5,output1,NCAR,CCSM4,piControl,mon,atmos,Amon,r1i1p1,v20160829,tas,025001-050012,netcdf,/work/kd0956/CMIP5/data/cmip5/output1/NCAR/CCSM4/piControl/mon/atmos/Amon/r1i1p1/v20160829/tas/tas_Amon_CCSM4_piControl_r1i1p1_025001-050012.nc
cmip5,output1,NCAR,CCSM4,piControl,mon,atmos,Amon,r1i1p1,v20160829,tas,050101-079912,netcdf,/work/kd0956/CMIP5/data/cmip5/output1/NCAR/CCSM4/piControl/mon/atmos/Amon/r1i1p1/v20160829/tas/tas_Amon_CCSM4_piControl_r1i1p1_050101-079912.nc
cmip5,output1,NCAR,CCSM4,piControl,mon,atmos,Amon,r1i1p1,v20160829,tas,080001-130012,netcdf,/work/kd0956/CMIP5/data/cmip5/output1/NCAR/CCSM4/piControl/mon/atmos/Amon/r1i1p1/v20160829/tas/tas_Amon_CCSM4_piControl_r1i1p1_080001-130012.nc
cmip5,output1,NCAR,CCSM4,piControl,mon,atmos,Amon,r2i1p1,v20120611,tas,095301-110812,netcdf,/work/kd0956/CMIP5/data/cmip5/output1/NCAR/CCSM4/piControl/mon/atmos/Amon/r2i1p1/v20120611/tas/tas_Amon_CCSM4_piControl_r2i1p1_095301-110812.nc
cmip5,output1,NCAR,CCSM4,piControl,mon,atmos,Amon,r3i1p1,v20120708,tas,000101-012012,netcdf,/work/kd0956/CMIP5/data/cmip5/output1/NCAR/CCSM4/piControl/mon/atmos/Amon/r3i1p1/v20120708/tas/tas_Amon_CCSM4_piControl_r3i1p1_000101-012012.nc
cmip5,output1,NSF-DOE-NCAR,CESM1-CAM5,piControl,mon,atmos,Amon,r1i1p1,v20130313,tas,000101-031912,netcdf,/work/kd0956/CMIP5/data/cmip5/output1/NSF-DOE-NCAR/CESM1-CAM5/piControl/mon/atmos/Amon/r1i1p1/v20130313/tas/tas_Amon_CESM1-CAM5_piControl_r1i1p1_000101-031912.nc
cmip5,output1,CNRM-CERFACS,CNRM-CM5,piControl,mon,atmos,Amon,r1i1p1,v20110701,tas,185001-189912,netcdf,/work/kd0956/CMIP5/data/cmip5/output1/CNRM-CERFACS/CNRM-CM5/piControl/mon/atmos/Amon/r1i1p1/v20110701/tas/tas_Amon_CNRM-CM5_piControl_r1i1p1_185001-189912.nc
cmip5,output1,CNRM-CERFACS,CNRM-CM5,piControl,mon,atmos,Amon,r1i1p1,v20110701,tas,190001-194912,netcdf,/work/kd0956/CMIP5/data/cmip5/output1/CNRM-CERFACS/CNRM-CM5/piControl/mon/atmos/Amon/r1i1p1/v20110701/tas/tas_Amon_CNRM-CM5_piControl_r1i1p1_190001-194912.nc
cmip5,output1,CNRM-CERFACS,CNRM-CM5,piControl,mon,atmos,Amon,r1i1p1,v20110701,tas,195001-199912,netcdf,/work/kd0956/CMIP5/data/cmip5/output1/CNRM-CERFACS/CNRM-CM5/piControl/mon/atmos/Amon/r1i1p1/v20110701/tas/tas_Amon_CNRM-CM5_piControl_r1i1p1_195001-199912.nc
cmip5,output1,CNRM-CERFACS,CNRM-CM5,piControl,mon,atmos,Amon,r1i1p1,v20110701,tas,200001-204912,netcdf,/work/kd0956/CMIP5/data/cmip5/output1/CNRM-CERFACS/CNRM-CM5/piControl/mon/atmos/Amon/r1i1p1/v20110701/tas/tas_Amon_CNRM-CM5_piControl_r1i1p1_200001-204912.nc
cmip5,output1,CNRM-CERFACS,CNRM-CM5,piControl,mon,atmos,Amon,r1i1p1,v20110701,tas,205001-209912,netcdf,/work/kd0956/CMIP5/data/cmip5/output1/CNRM-CERFACS/CNRM-CM5/piControl/mon/atmos/Amon/r1i1p1/v20110701/tas/tas_Amon_CNRM-CM5_piControl_r1i1p1_205001-209912.nc
cmip5,output1,CNRM-CERFACS,CNRM-CM5,piControl,mon,atmos,Amon,r1i1p1,v20110701,tas,210001-214912,netcdf,/work/kd0956/CMIP5/data/cmip5/output1/CNRM-CERFACS/CNRM-CM5/piControl/mon/atmos/Amon/r1i1p1/v20110701/tas/tas_Amon_CNRM-CM5_piControl_r1i1p1_210001-214912.nc
cmip5,output1,CNRM-CERFACS,CNRM-CM5,piControl,mon,atmos,Amon,r1i1p1,v20110701,tas,215001-219912,netcdf,/work/kd0956/CMIP5/data/cmip5/output1/CNRM-CERFACS/CNRM-CM5/piControl/mon/atmos/Amon/r1i1p1/v20110701/tas/tas_Amon_CNRM-CM5_piControl_r1i1p1_215001-219912.nc
cmip5,output1,CNRM-CERFACS,CNRM-CM5,piControl,mon,atmos,Amon,r1i1p1,v20110701,tas,220001-224912,netcdf,/work/kd0956/CMIP5/data/cmip5/output1/CNRM-CERFACS/CNRM-CM5/piControl/mon/atmos/Amon/r1i1p1/v20110701/tas/tas_Amon_CNRM-CM5_piControl_r1i1p1_220001-224912.nc
cmip5,output1,CNRM-CERFACS,CNRM-CM5,piControl,mon,atmos,Amon,r1i1p1,v20110701,tas,225001-229912,netcdf,/work/kd0956/CMIP5/data/cmip5/output1/CNRM-CERFACS/CNRM-CM5/piControl/mon/atmos/Amon/r1i1p1/v20110701/tas/tas_Amon_CNRM-CM5_piControl_r1i1p1_225001-229912.nc
cmip5,output1,CNRM-CERFACS,CNRM-CM5,piControl,mon,atmos,Amon,r1i1p1,v20110701,tas,230001-234912,netcdf,/work/kd0956/CMIP5/data/cmip5/output1/CNRM-CERFACS/CNRM-CM5/piControl/mon/atmos/Amon/r1i1p1/v20110701/tas/tas_Amon_CNRM-CM5_piControl_r1i1p1_230001-234912.nc
cmip5,output1,CNRM-CERFACS,CNRM-CM5,piControl,mon,atmos,Amon,r1i1p1,v20110701,tas,235001-239912,netcdf,/work/kd0956/CMIP5/data/cmip5/output1/CNRM-CERFACS/CNRM-CM5/piControl/mon/atmos/Amon/r1i1p1/v20110701/tas/tas_Amon_CNRM-CM5_piControl_r1i1p1_235001-239912.nc
cmip5,output1,CNRM-CERFACS,CNRM-CM5,piControl,mon,atmos,Amon,r1i1p1,v20110701,tas,240001-244912,netcdf,/work/kd0956/CMIP5/data/cmip5/output1/CNRM-CERFACS/CNRM-CM5/piControl/mon/atmos/Amon/r1i1p1/v20110701/tas/tas_Amon_CNRM-CM5_piControl_r1i1p1_240001-244912.nc
cmip5,output1,CNRM-CERFACS,CNRM-CM5,piControl,mon,atmos,Amon,r1i1p1,v20110701,tas,245001-249912,netcdf,/work/kd0956/CMIP5/data/cmip5/output1/CNRM-CERFACS/CNRM-CM5/piControl/mon/atmos/Amon/r1i1p1/v20110701/tas/tas_Amon_CNRM-CM5_piControl_r1i1p1_245001-249912.nc
cmip5,output1,CNRM-CERFACS,CNRM-CM5,piControl,mon,atmos,Amon,r1i1p1,v20110701,tas,250001-254912,netcdf,/work/kd0956/CMIP5/data/cmip5/output1/CNRM-CERFACS/CNRM-CM5/piControl/mon/atmos/Amon/r1i1p1/v20110701/tas/tas_Amon_CNRM-CM5_piControl_r1i1p1_250001-254912.nc
cmip5,output1,CNRM-CERFACS,CNRM-CM5,piControl,mon,atmos,Amon,r1i1p1,v20110701,tas,255001-259912,netcdf,/work/kd0956/CMIP5/data/cmip5/output1/CNRM-CERFACS/CNRM-CM5/piControl/mon/atmos/Amon/r1i1p1/v20110701/tas/tas_Amon_CNRM-CM5_piControl_r1i1p1_255001-259912.nc
cmip5,output1,CNRM-CERFACS,CNRM-CM5,piControl,mon,atmos,Amon,r1i1p1,v20110701,tas,260001-264912,netcdf,/work/kd0956/CMIP5/data/cmip5/output1/CNRM-CERFACS/CNRM-CM5/piControl/mon/atmos/Amon/r1i1p1/v20110701/tas/tas_Amon_CNRM-CM5_piControl_r1i1p1_260001-264912.nc
cmip5,output1,CNRM-CERFACS,CNRM-CM5,piControl,mon,atmos,Amon,r1i1p1,v20110701,tas,265001-269912,netcdf,/work/kd0956/CMIP5/data/cmip5/output1/CNRM-CERFACS/CNRM-CM5/piControl/mon/atmos/Amon/r1i1p1/v20110701/tas/tas_Amon_CNRM-CM5_piControl_r1i1p1_265001-269912.nc
cmip5,output1,CSIRO-QCCCE,CSIRO-Mk3-6-0,piControl,mon,atmos,Amon,r1i1p1,v20120607,tas,000101-050012,netcdf,/work/kd0956/CMIP5/data/cmip5/output1/CSIRO-QCCCE/CSIRO-Mk3-6-0/piControl/mon/atmos/Amon/r1i1p1/v20120607/tas/tas_Amon_CSIRO-Mk3-6-0_piControl_r1i1p1_000101-050012.nc
cmip5,output1,CCCma,CanESM2,piControl,mon,atmos,Amon,r1i1p1,v20120623,tas,201501-231012,netcdf,/work/kd0956/CMIP5/data/cmip5/output1/CCCma/CanESM2/piControl/mon/atmos/Amon/r1i1p1/v20120623/tas/tas_Amon_CanESM2_piControl_r1i1p1_201501-231012.nc
cmip5,output1,CCCma,CanESM2,piControl,mon,atmos,Amon,r1i1p1,v20120623,tas,231101-241012,netcdf,/work/kd0956/CMIP5/data/cmip5/output1/CCCma/CanESM2/piControl/mon/atmos/Amon/r1i1p1/v20120623/tas/tas_Amon_CanESM2_piControl_r1i1p1_231101-241012.nc
cmip5,output1,CCCma,CanESM2,piControl,mon,atmos,Amon,r1i1p1,v20120623,tas,241101-251012,netcdf,/work/kd0956/CMIP5/data/cmip5/output1/CCCma/CanESM2/piControl/mon/atmos/Amon/r1i1p1/v20120623/tas/tas_Amon_CanESM2_piControl_r1i1p1_241101-251012.nc
cmip5,output1,CCCma,CanESM2,piControl,mon,atmos,Amon,r1i1p1,v20120623,tas,251101-261012,netcdf,/work/kd0956/CMIP5/data/cmip5/output1/CCCma/CanESM2/piControl/mon/atmos/Amon/r1i1p1/v20120623/tas/tas_Amon_CanESM2_piControl_r1i1p1_251101-261012.nc
cmip5,output1,CCCma,CanESM2,piControl,mon,atmos,Amon,r1i1p1,v20120623,tas,261101-271012,netcdf,/work/kd0956/CMIP5/data/cmip5/output1/CCCma/CanESM2/piControl/mon/atmos/Amon/r1i1p1/v20120623/tas/tas_Amon_CanESM2_piControl_r1i1p1_261101-271012.nc
cmip5,output1,CCCma,CanESM2,piControl,mon,atmos,Amon,r1i1p1,v20120623,tas,271101-281012,netcdf,/work/kd0956/CMIP5/data/cmip5/output1/CCCma/CanESM2/piControl/mon/atmos/Amon/r1i1p1/v20120623/tas/tas_Amon_CanESM2_piControl_r1i1p1_271101-281012.nc
cmip5,output1,CCCma,CanESM2,piControl,mon,atmos,Amon,r1i1p1,v20120623,tas,281101-291012,netcdf,/work/kd0956/CMIP5/data/cmip5/output1/CCCma/CanESM2/piControl/mon/atmos/Amon/r1i1p1/v20120623/tas/tas_Amon_CanESM2_piControl_r1i1p1_281101-291012.nc
cmip5,output1,CCCma,CanESM2,piControl,mon,atmos,Amon,r1i1p1,v20120623,tas,291101-301012,netcdf,/work/kd0956/CMIP5/data/cmip5/output1/CCCma/CanESM2/piControl/mon/atmos/Amon/r1i1p1/v20120623/tas/tas_Amon_CanESM2_piControl_r1i1p1_291101-301012.nc
cmip5,output1,LASG-CESS,FGOALS-g2,piControl,mon,atmos,Amon,r1i1p1,v1,tas,020101-021012,netcdf,/work/kd0956/CMIP5/data/cmip5/output1/LASG-CESS/FGOALS-g2/piControl/mon/atmos/Amon/r1i1p1/v1/tas/tas_Amon_FGOALS-g2_piControl_r1i1p1_020101-021012.nc
cmip5,output1,LASG-CESS,FGOALS-g2,piControl,mon,atmos,Amon,r1i1p1,v1,tas,021101-022012,netcdf,/work/kd0956/CMIP5/data/cmip5/output1/LASG-CESS/FGOALS-g2/piControl/mon/atmos/Amon/r1i1p1/v1/tas/tas_Amon_FGOALS-g2_piControl_r1i1p1_021101-022012.nc
cmip5,output1,LASG-CESS,FGOALS-g2,piControl,mon,atmos,Amon,r1i1p1,v1,tas,022101-023012,netcdf,/work/kd0956/CMIP5/data/cmip5/output1/LASG-CESS/FGOALS-g2/piControl/mon/atmos/Amon/r1i1p1/v1/tas/tas_Amon_FGOALS-g2_piControl_r1i1p1_022101-023012.nc
cmip5,output1,LASG-CESS,FGOALS-g2,piControl,mon,atmos,Amon,r1i1p1,v1,tas,023101-024012,netcdf,/work/kd0956/CMIP5/data/cmip5/output1/LASG-CESS/FGOALS-g2/piControl/mon/atmos/Amon/r1i1p1/v1/tas/tas_Amon_FGOALS-g2_piControl_r1i1p1_023101-024012.nc
cmip5,output1,LASG-CESS,FGOALS-g2,piControl,mon,atmos,Amon,r1i1p1,v1,tas,024101-025012,netcdf,/work/kd0956/CMIP5/data/cmip5/output1/LASG-CESS/FGOALS-g2/piControl/mon/atmos/Amon/r1i1p1/v1/tas/tas_Amon_FGOALS-g2_piControl_r1i1p1_024101-025012.nc
cmip5,output1,LASG-CESS,FGOALS-g2,piControl,mon,atmos,Amon,r1i1p1,v1,tas,025101-026012,netcdf,/work/kd0956/CMIP5/data/cmip5/output1/LASG-CESS/FGOALS-g2/piControl/mon/atmos/Amon/r1i1p1/v1/tas/tas_Amon_FGOALS-g2_piControl_r1i1p1_025101-026012.nc
cmip5,output1,LASG-CESS,FGOALS-g2,piControl,mon,atmos,Amon,r1i1p1,v1,tas,026101-027012,netcdf,/work/kd0956/CMIP5/data/cmip5/output1/LASG-CESS/FGOALS-g2/piControl/mon/atmos/Amon/r1i1p1/v1/tas/tas_Amon_FGOALS-g2_piControl_r1i1p1_026101-027012.nc
cmip5,output1,LASG-CESS,FGOALS-g2,piControl,mon,atmos,Amon,r1i1p1,v1,tas,027101-028012,netcdf,/work/kd0956/CMIP5/data/cmip5/output1/LASG-CESS/FGOALS-g2/piControl/mon/atmos/Amon/r1i1p1/v1/tas/tas_Amon_FGOALS-g2_piControl_r1i1p1_027101-028012.nc
cmip5,output1,LASG-CESS,FGOALS-g2,piControl,mon,atmos,Amon,r1i1p1,v1,tas,028101-029012,netcdf,/work/kd0956/CMIP5/data/cmip5/output1/LASG-CESS/FGOALS-g2/piControl/mon/atmos/Amon/r1i1p1/v1/tas/tas_Amon_FGOALS-g2_piControl_r1i1p1_028101-029012.nc
cmip5,output1,LASG-CESS,FGOALS-g2,piControl,mon,atmos,Amon,r1i1p1,v1,tas,029101-030012,netcdf,/work/kd0956/CMIP5/data/cmip5/output1/LASG-CESS/FGOALS-g2/piControl/mon/atmos/Amon/r1i1p1/v1/tas/tas_Amon_FGOALS-g2_piControl_r1i1p1_029101-030012.nc
cmip5,output1,LASG-CESS,FGOALS-g2,piControl,mon,atmos,Amon,r1i1p1,v1,tas,030101-031012,netcdf,/work/kd0956/CMIP5/data/cmip5/output1/LASG-CESS/FGOALS-g2/piControl/mon/atmos/Amon/r1i1p1/v1/tas/tas_Amon_FGOALS-g2_piControl_r1i1p1_030101-031012.nc
cmip5,output1,LASG-CESS,FGOALS-g2,piControl,mon,atmos,Amon,r1i1p1,v1,tas,031101-032012,netcdf,/work/kd0956/CMIP5/data/cmip5/output1/LASG-CESS/FGOALS-g2/piControl/mon/atmos/Amon/r1i1p1/v1/tas/tas_Amon_FGOALS-g2_piControl_r1i1p1_031101-032012.nc
cmip5,output1,LASG-CESS,FGOALS-g2,piControl,mon,atmos,Amon,r1i1p1,v1,tas,032101-033012,netcdf,/work/kd0956/CMIP5/data/cmip5/output1/LASG-CESS/FGOALS-g2/piControl/mon/atmos/Amon/r1i1p1/v1/tas/tas_Amon_FGOALS-g2_piControl_r1i1p1_032101-033012.nc
cmip5,output1,LASG-CESS,FGOALS-g2,piControl,mon,atmos,Amon,r1i1p1,v1,tas,033101-034012,netcdf,/work/kd0956/CMIP5/data/cmip5/output1/LASG-CESS/FGOALS-g2/piControl/mon/atmos/Amon/r1i1p1/v1/tas/tas_Amon_FGOALS-g2_piControl_r1i1p1_033101-034012.nc
cmip5,output1,LASG-CESS,FGOALS-g2,piControl,mon,atmos,Amon,r1i1p1,v1,tas,034101-035012,netcdf,/work/kd0956/CMIP5/data/cmip5/output1/LASG-CESS/FGOALS-g2/piControl/mon/atmos/Amon/r1i1p1/v1/tas/tas_Amon_FGOALS-g2_piControl_r1i1p1_034101-035012.nc
cmip5,output1,LASG-CESS,FGOALS-g2,piControl,mon,atmos,Amon,r1i1p1,v1,tas,035101-036012,netcdf,/work/kd0956/CMIP5/data/cmip5/output1/LASG-CESS/FGOALS-g2/piControl/mon/atmos/Amon/r1i1p1/v1/tas/tas_Amon_FGOALS-g2_piControl_r1i1p1_035101-036012.nc
cmip5,output1,LASG-CESS,FGOALS-g2,piControl,mon,atmos,Amon,r1i1p1,v1,tas,036101-037012,netcdf,/work/kd0956/CMIP5/data/cmip5/output1/LASG-CESS/FGOALS-g2/piControl/mon/atmos/Amon/r1i1p1/v1/tas/tas_Amon_FGOALS-g2_piControl_r1i1p1_036101-037012.nc
cmip5,output1,LASG-CESS,FGOALS-g2,piControl,mon,atmos,Amon,r1i1p1,v1,tas,037101-038012,netcdf,/work/kd0956/CMIP5/data/cmip5/output1/LASG-CESS/FGOALS-g2/piControl/mon/atmos/Amon/r1i1p1/v1/tas/tas_Amon_FGOALS-g2_piControl_r1i1p1_037101-038012.nc
cmip5,output1,LASG-CESS,FGOALS-g2,piControl,mon,atmos,Amon,r1i1p1,v1,tas,038101-039012,netcdf,/work/kd0956/CMIP5/data/cmip5/output1/LASG-CESS/FGOALS-g2/piControl/mon/atmos/Amon/r1i1p1/v1/tas/tas_Amon_FGOALS-g2_piControl_r1i1p1_038101-039012.nc
cmip5,output1,LASG-CESS,FGOALS-g2,piControl,mon,atmos,Amon,r1i1p1,v1,tas,039101-040012,netcdf,/work/kd0956/CMIP5/data/cmip5/output1/LASG-CESS/FGOALS-g2/piControl/mon/atmos/Amon/r1i1p1/v1/tas/tas_Amon_FGOALS-g2_piControl_r1i1p1_039101-040012.nc
cmip5,output1,LASG-CESS,FGOALS-g2,piControl,mon,atmos,Amon,r1i1p1,v1,tas,040101-041012,netcdf,/work/kd0956/CMIP5/data/cmip5/output1/LASG-CESS/FGOALS-g2/piControl/mon/atmos/Amon/r1i1p1/v1/tas/tas_Amon_FGOALS-g2_piControl_r1i1p1_040101-041012.nc
cmip5,output1,LASG-CESS,FGOALS-g2,piControl,mon,atmos,Amon,r1i1p1,v1,tas,041101-042012,netcdf,/work/kd0956/CMIP5/data/cmip5/output1/LASG-CESS/FGOALS-g2/piControl/mon/atmos/Amon/r1i1p1/v1/tas/tas_Amon_FGOALS-g2_piControl_r1i1p1_041101-042012.nc
cmip5,output1,LASG-CESS,FGOALS-g2,piControl,mon,atmos,Amon,r1i1p1,v1,tas,042101-043012,netcdf,/work/kd0956/CMIP5/data/cmip5/output1/LASG-CESS/FGOALS-g2/piControl/mon/atmos/Amon/r1i1p1/v1/tas/tas_Amon_FGOALS-g2_piControl_r1i1p1_042101-043012.nc
cmip5,output1,LASG-CESS,FGOALS-g2,piControl,mon,atmos,Amon,r1i1p1,v1,tas,043101-044012,netcdf,/work/kd0956/CMIP5/data/cmip5/output1/LASG-CESS/FGOALS-g2/piControl/mon/atmos/Amon/r1i1p1/v1/tas/tas_Amon_FGOALS-g2_piControl_r1i1p1_043101-044012.nc
cmip5,output1,LASG-CESS,FGOALS-g2,piControl,mon,atmos,Amon,r1i1p1,v1,tas,044101-045012,netcdf,/work/kd0956/CMIP5/data/cmip5/output1/LASG-CESS/FGOALS-g2/piControl/mon/atmos/Amon/r1i1p1/v1/tas/tas_Amon_FGOALS-g2_piControl_r1i1p1_044101-045012.nc
cmip5,output1,LASG-CESS,FGOALS-g2,piControl,mon,atmos,Amon,r1i1p1,v1,tas,045101-046012,netcdf,/work/kd0956/CMIP5/data/cmip5/output1/LASG-CESS/FGOALS-g2/piControl/mon/atmos/Amon/r1i1p1/v1/tas/tas_Amon_FGOALS-g2_piControl_r1i1p1_045101-046012.nc
cmip5,output1,LASG-CESS,FGOALS-g2,piControl,mon,atmos,Amon,r1i1p1,v1,tas,046101-047012,netcdf,/work/kd0956/CMIP5/data/cmip5/output1/LASG-CESS/FGOALS-g2/piControl/mon/atmos/Amon/r1i1p1/v1/tas/tas_Amon_FGOALS-g2_piControl_r1i1p1_046101-047012.nc
cmip5,output1,LASG-CESS,FGOALS-g2,piControl,mon,atmos,Amon,r1i1p1,v1,tas,047101-048012,netcdf,/work/kd0956/CMIP5/data/cmip5/output1/LASG-CESS/FGOALS-g2/piControl/mon/atmos/Amon/r1i1p1/v1/tas/tas_Amon_FGOALS-g2_piControl_r1i1p1_047101-048012.nc
cmip5,output1,LASG-CESS,FGOALS-g2,piControl,mon,atmos,Amon,r1i1p1,v1,tas,048101-049012,netcdf,/work/kd0956/CMIP5/data/cmip5/output1/LASG-CESS/FGOALS-g2/piControl/mon/atmos/Amon/r1i1p1/v1/tas/tas_Amon_FGOALS-g2_piControl_r1i1p1_048101-049012.nc
cmip5,output1,LASG-CESS,FGOALS-g2,piControl,mon,atmos,Amon,r1i1p1,v1,tas,049101-050012,netcdf,/work/kd0956/CMIP5/data/cmip5/output1/LASG-CESS/FGOALS-g2/piControl/mon/atmos/Amon/r1i1p1/v1/tas/tas_Amon_FGOALS-g2_piControl_r1i1p1_049101-050012.nc
cmip5,output1,LASG-CESS,FGOALS-g2,piControl,mon,atmos,Amon,r1i1p1,v1,tas,050101-051012,netcdf,/work/kd0956/CMIP5/data/cmip5/output1/LASG-CESS/FGOALS-g2/piControl/mon/atmos/Amon/r1i1p1/v1/tas/tas_Amon_FGOALS-g2_piControl_r1i1p1_050101-051012.nc
cmip5,output1,LASG-CESS,FGOALS-g2,piControl,mon,atmos,Amon,r1i1p1,v1,tas,051101-052012,netcdf,/work/kd0956/CMIP5/data/cmip5/output1/LASG-CESS/FGOALS-g2/piControl/mon/atmos/Amon/r1i1p1/v1/tas/tas_Amon_FGOALS-g2_piControl_r1i1p1_051101-052012.nc
cmip5,output1,LASG-CESS,FGOALS-g2,piControl,mon,atmos,Amon,r1i1p1,v1,tas,052101-053012,netcdf,/work/kd0956/CMIP5/data/cmip5/output1/LASG-CESS/FGOALS-g2/piControl/mon/atmos/Amon/r1i1p1/v1/tas/tas_Amon_FGOALS-g2_piControl_r1i1p1_052101-053012.nc
cmip5,output1,LASG-CESS,FGOALS-g2,piControl,mon,atmos,Amon,r1i1p1,v1,tas,053101-054012,netcdf,/work/kd0956/CMIP5/data/cmip5/output1/LASG-CESS/FGOALS-g2/piControl/mon/atmos/Amon/r1i1p1/v1/tas/tas_Amon_FGOALS-g2_piControl_r1i1p1_053101-054012.nc
cmip5,output1,LASG-CESS,FGOALS-g2,piControl,mon,atmos,Amon,r1i1p1,v1,tas,054101-055012,netcdf,/work/kd0956/CMIP5/data/cmip5/output1/LASG-CESS/FGOALS-g2/piControl/mon/atmos/Amon/r1i1p1/v1/tas/tas_Amon_FGOALS-g2_piControl_r1i1p1_054101-055012.nc
cmip5,output1,LASG-CESS,FGOALS-g2,piControl,mon,atmos,Amon,r1i1p1,v1,tas,055101-056012,netcdf,/work/kd0956/CMIP5/data/cmip5/output1/LASG-CESS/FGOALS-g2/piControl/mon/atmos/Amon/r1i1p1/v1/tas/tas_Amon_FGOALS-g2_piControl_r1i1p1_055101-056012.nc
cmip5,output1,LASG-CESS,FGOALS-g2,piControl,mon,atmos,Amon,r1i1p1,v1,tas,056101-057012,netcdf,/work/kd0956/CMIP5/data/cmip5/output1/LASG-CESS/FGOALS-g2/piControl/mon/atmos/Amon/r1i1p1/v1/tas/tas_Amon_FGOALS-g2_piControl_r1i1p1_056101-057012.nc
cmip5,output1,LASG-CESS,FGOALS-g2,piControl,mon,atmos,Amon,r1i1p1,v1,tas,057101-058012,netcdf,/work/kd0956/CMIP5/data/cmip5/output1/LASG-CESS/FGOALS-g2/piControl/mon/atmos/Amon/r1i1p1/v1/tas/tas_Amon_FGOALS-g2_piControl_r1i1p1_057101-058012.nc
cmip5,output1,LASG-CESS,FGOALS-g2,piControl,mon,atmos,Amon,r1i1p1,v1,tas,058101-059012,netcdf,/work/kd0956/CMIP5/data/cmip5/output1/LASG-CESS/FGOALS-g2/piControl/mon/atmos/Amon/r1i1p1/v1/tas/tas_Amon_FGOALS-g2_piControl_r1i1p1_058101-059012.nc
cmip5,output1,LASG-CESS,FGOALS-g2,piControl,mon,atmos,Amon,r1i1p1,v1,tas,059101-060012,netcdf,/work/kd0956/CMIP5/data/cmip5/output1/LASG-CESS/FGOALS-g2/piControl/mon/atmos/Amon/r1i1p1/v1/tas/tas_Amon_FGOALS-g2_piControl_r1i1p1_059101-060012.nc
cmip5,output1,LASG-CESS,FGOALS-g2,piControl,mon,atmos,Amon,r1i1p1,v1,tas,060101-061012,netcdf,/work/kd0956/CMIP5/data/cmip5/output1/LASG-CESS/FGOALS-g2/piControl/mon/atmos/Amon/r1i1p1/v1/tas/tas_Amon_FGOALS-g2_piControl_r1i1p1_060101-061012.nc
cmip5,output1,LASG-CESS,FGOALS-g2,piControl,mon,atmos,Amon,r1i1p1,v1,tas,061101-062012,netcdf,/work/kd0956/CMIP5/data/cmip5/output1/LASG-CESS/FGOALS-g2/piControl/mon/atmos/Amon/r1i1p1/v1/tas/tas_Amon_FGOALS-g2_piControl_r1i1p1_061101-062012.nc
cmip5,output1,LASG-CESS,FGOALS-g2,piControl,mon,atmos,Amon,r1i1p1,v1,tas,062101-063012,netcdf,/work/kd0956/CMIP5/data/cmip5/output1/LASG-CESS/FGOALS-g2/piControl/mon/atmos/Amon/r1i1p1/v1/tas/tas_Amon_FGOALS-g2_piControl_r1i1p1_062101-063012.nc
cmip5,output1,LASG-CESS,FGOALS-g2,piControl,mon,atmos,Amon,r1i1p1,v1,tas,063101-064012,netcdf,/work/kd0956/CMIP5/data/cmip5/output1/LASG-CESS/FGOALS-g2/piControl/mon/atmos/Amon/r1i1p1/v1/tas/tas_Amon_FGOALS-g2_piControl_r1i1p1_063101-064012.nc
cmip5,output1,LASG-CESS,FGOALS-g2,piControl,mon,atmos,Amon,r1i1p1,v1,tas,064101-065012,netcdf,/work/kd0956/CMIP5/data/cmip5/output1/LASG-CESS/FGOALS-g2/piControl/mon/atmos/Amon/r1i1p1/v1/tas/tas_Amon_FGOALS-g2_piControl_r1i1p1_064101-065012.nc
cmip5,output1,LASG-CESS,FGOALS-g2,piControl,mon,atmos,Amon,r1i1p1,v1,tas,065101-066012,netcdf,/work/kd0956/CMIP5/data/cmip5/output1/LASG-CESS/FGOALS-g2/piControl/mon/atmos/Amon/r1i1p1/v1/tas/tas_Amon_FGOALS-g2_piControl_r1i1p1_065101-066012.nc
cmip5,output1,LASG-CESS,FGOALS-g2,piControl,mon,atmos,Amon,r1i1p1,v1,tas,066101-067012,netcdf,/work/kd0956/CMIP5/data/cmip5/output1/LASG-CESS/FGOALS-g2/piControl/mon/atmos/Amon/r1i1p1/v1/tas/tas_Amon_FGOALS-g2_piControl_r1i1p1_066101-067012.nc
cmip5,output1,LASG-CESS,FGOALS-g2,piControl,mon,atmos,Amon,r1i1p1,v1,tas,067101-068012,netcdf,/work/kd0956/CMIP5/data/cmip5/output1/LASG-CESS/FGOALS-g2/piControl/mon/atmos/Amon/r1i1p1/v1/tas/tas_Amon_FGOALS-g2_piControl_r1i1p1_067101-068012.nc
cmip5,output1,LASG-CESS,FGOALS-g2,piControl,mon,atmos,Amon,r1i1p1,v1,tas,068101-069012,netcdf,/work/kd0956/CMIP5/data/cmip5/output1/LASG-CESS/FGOALS-g2/piControl/mon/atmos/Amon/r1i1p1/v1/tas/tas_Amon_FGOALS-g2_piControl_r1i1p1_068101-069012.nc
cmip5,output1,LASG-CESS,FGOALS-g2,piControl,mon,atmos,Amon,r1i1p1,v1,tas,069101-070012,netcdf,/work/kd0956/CMIP5/data/cmip5/output1/LASG-CESS/FGOALS-g2/piControl/mon/atmos/Amon/r1i1p1/v1/tas/tas_Amon_FGOALS-g2_piControl_r1i1p1_069101-070012.nc
cmip5,output1,LASG-CESS,FGOALS-g2,piControl,mon,atmos,Amon,r1i1p1,v1,tas,070101-071012,netcdf,/work/kd0956/CMIP5/data/cmip5/output1/LASG-CESS/FGOALS-g2/piControl/mon/atmos/Amon/r1i1p1/v1/tas/tas_Amon_FGOALS-g2_piControl_r1i1p1_070101-071012.nc
cmip5,output1,LASG-CESS,FGOALS-g2,piControl,mon,atmos,Amon,r1i1p1,v1,tas,071101-072012,netcdf,/work/kd0956/CMIP5/data/cmip5/output1/LASG-CESS/FGOALS-g2/piControl/mon/atmos/Amon/r1i1p1/v1/tas/tas_Amon_FGOALS-g2_piControl_r1i1p1_071101-072012.nc
cmip5,output1,LASG-CESS,FGOALS-g2,piControl,mon,atmos,Amon,r1i1p1,v1,tas,072101-073012,netcdf,/work/kd0956/CMIP5/data/cmip5/output1/LASG-CESS/FGOALS-g2/piControl/mon/atmos/Amon/r1i1p1/v1/tas/tas_Amon_FGOALS-g2_piControl_r1i1p1_072101-073012.nc
cmip5,output1,LASG-CESS,FGOALS-g2,piControl,mon,atmos,Amon,r1i1p1,v1,tas,073101-074012,netcdf,/work/kd0956/CMIP5/data/cmip5/output1/LASG-CESS/FGOALS-g2/piControl/mon/atmos/Amon/r1i1p1/v1/tas/tas_Amon_FGOALS-g2_piControl_r1i1p1_073101-074012.nc
cmip5,output1,LASG-CESS,FGOALS-g2,piControl,mon,atmos,Amon,r1i1p1,v1,tas,074101-075012,netcdf,/work/kd0956/CMIP5/data/cmip5/output1/LASG-CESS/FGOALS-g2/piControl/mon/atmos/Amon/r1i1p1/v1/tas/tas_Amon_FGOALS-g2_piControl_r1i1p1_074101-075012.nc
cmip5,output1,LASG-CESS,FGOALS-g2,piControl,mon,atmos,Amon,r1i1p1,v1,tas,075101-076012,netcdf,/work/kd0956/CMIP5/data/cmip5/output1/LASG-CESS/FGOALS-g2/piControl/mon/atmos/Amon/r1i1p1/v1/tas/tas_Amon_FGOALS-g2_piControl_r1i1p1_075101-076012.nc
cmip5,output1,LASG-CESS,FGOALS-g2,piControl,mon,atmos,Amon,r1i1p1,v1,tas,076101-077012,netcdf,/work/kd0956/CMIP5/data/cmip5/output1/LASG-CESS/FGOALS-g2/piControl/mon/atmos/Amon/r1i1p1/v1/tas/tas_Amon_FGOALS-g2_piControl_r1i1p1_076101-077012.nc
cmip5,output1,LASG-CESS,FGOALS-g2,piControl,mon,atmos,Amon,r1i1p1,v1,tas,077101-078012,netcdf,/work/kd0956/CMIP5/data/cmip5/output1/LASG-CESS/FGOALS-g2/piControl/mon/atmos/Amon/r1i1p1/v1/tas/tas_Amon_FGOALS-g2_piControl_r1i1p1_077101-078012.nc
cmip5,output1,LASG-CESS,FGOALS-g2,piControl,mon,atmos,Amon,r1i1p1,v1,tas,078101-079012,netcdf,/work/kd0956/CMIP5/data/cmip5/output1/LASG-CESS/FGOALS-g2/piControl/mon/atmos/Amon/r1i1p1/v1/tas/tas_Amon_FGOALS-g2_piControl_r1i1p1_078101-079012.nc
cmip5,output1,LASG-CESS,FGOALS-g2,piControl,mon,atmos,Amon,r1i1p1,v1,tas,079101-080012,netcdf,/work/kd0956/CMIP5/data/cmip5/output1/LASG-CESS/FGOALS-g2/piControl/mon/atmos/Amon/r1i1p1/v1/tas/tas_Amon_FGOALS-g2_piControl_r1i1p1_079101-080012.nc
cmip5,output1,LASG-CESS,FGOALS-g2,piControl,mon,atmos,Amon,r1i1p1,v1,tas,080101-081012,netcdf,/work/kd0956/CMIP5/data/cmip5/output1/LASG-CESS/FGOALS-g2/piControl/mon/atmos/Amon/r1i1p1/v1/tas/tas_Amon_FGOALS-g2_piControl_r1i1p1_080101-081012.nc
cmip5,output1,LASG-CESS,FGOALS-g2,piControl,mon,atmos,Amon,r1i1p1,v1,tas,081101-082012,netcdf,/work/kd0956/CMIP5/data/cmip5/output1/LASG-CESS/FGOALS-g2/piControl/mon/atmos/Amon/r1i1p1/v1/tas/tas_Amon_FGOALS-g2_piControl_r1i1p1_081101-082012.nc
cmip5,output1,LASG-CESS,FGOALS-g2,piControl,mon,atmos,Amon,r1i1p1,v1,tas,082101-083012,netcdf,/work/kd0956/CMIP5/data/cmip5/output1/LASG-CESS/FGOALS-g2/piControl/mon/atmos/Amon/r1i1p1/v1/tas/tas_Amon_FGOALS-g2_piControl_r1i1p1_082101-083012.nc
cmip5,output1,LASG-CESS,FGOALS-g2,piControl,mon,atmos,Amon,r1i1p1,v1,tas,083101-084012,netcdf,/work/kd0956/CMIP5/data/cmip5/output1/LASG-CESS/FGOALS-g2/piControl/mon/atmos/Amon/r1i1p1/v1/tas/tas_Amon_FGOALS-g2_piControl_r1i1p1_083101-084012.nc
cmip5,output1,LASG-CESS,FGOALS-g2,piControl,mon,atmos,Amon,r1i1p1,v1,tas,084101-085012,netcdf,/work/kd0956/CMIP5/data/cmip5/output1/LASG-CESS/FGOALS-g2/piControl/mon/atmos/Amon/r1i1p1/v1/tas/tas_Amon_FGOALS-g2_piControl_r1i1p1_084101-085012.nc
cmip5,output1,LASG-CESS,FGOALS-g2,piControl,mon,atmos,Amon,r1i1p1,v1,tas,085101-086012,netcdf,/work/kd0956/CMIP5/data/cmip5/output1/LASG-CESS/FGOALS-g2/piControl/mon/atmos/Amon/r1i1p1/v1/tas/tas_Amon_FGOALS-g2_piControl_r1i1p1_085101-086012.nc
cmip5,output1,LASG-CESS,FGOALS-g2,piControl,mon,atmos,Amon,r1i1p1,v1,tas,086101-087012,netcdf,/work/kd0956/CMIP5/data/cmip5/output1/LASG-CESS/FGOALS-g2/piControl/mon/atmos/Amon/r1i1p1/v1/tas/tas_Amon_FGOALS-g2_piControl_r1i1p1_086101-087012.nc
cmip5,output1,LASG-CESS,FGOALS-g2,piControl,mon,atmos,Amon,r1i1p1,v1,tas,087101-088012,netcdf,/work/kd0956/CMIP5/data/cmip5/output1/LASG-CESS/FGOALS-g2/piControl/mon/atmos/Amon/r1i1p1/v1/tas/tas_Amon_FGOALS-g2_piControl_r1i1p1_087101-088012.nc
cmip5,output1,LASG-CESS,FGOALS-g2,piControl,mon,atmos,Amon,r1i1p1,v1,tas,088101-089012,netcdf,/work/kd0956/CMIP5/data/cmip5/output1/LASG-CESS/FGOALS-g2/piControl/mon/atmos/Amon/r1i1p1/v1/tas/tas_Amon_FGOALS-g2_piControl_r1i1p1_088101-089012.nc
cmip5,output1,LASG-CESS,FGOALS-g2,piControl,mon,atmos,Amon,r1i1p1,v1,tas,089101-090012,netcdf,/work/kd0956/CMIP5/data/cmip5/output1/LASG-CESS/FGOALS-g2/piControl/mon/atmos/Amon/r1i1p1/v1/tas/tas_Amon_FGOALS-g2_piControl_r1i1p1_089101-090012.nc
cmip5,output1,NOAA-GFDL,GFDL-CM3,piControl,mon,atmos,Amon,r1i1p1,v20120227,tas,000101-000512,netcdf,/work/kd0956/CMIP5/data/cmip5/output1/NOAA-GFDL/GFDL-CM3/piControl/mon/atmos/Amon/r1i1p1/v20120227/tas/tas_Amon_GFDL-CM3_piControl_r1i1p1_000101-000512.nc
cmip5,output1,NOAA-GFDL,GFDL-CM3,piControl,mon,atmos,Amon,r1i1p1,v20120227,tas,000601-001012,netcdf,/work/kd0956/CMIP5/data/cmip5/output1/NOAA-GFDL/GFDL-CM3/piControl/mon/atmos/Amon/r1i1p1/v20120227/tas/tas_Amon_GFDL-CM3_piControl_r1i1p1_000601-001012.nc
cmip5,output1,NOAA-GFDL,GFDL-CM3,piControl,mon,atmos,Amon,r1i1p1,v20120227,tas,001101-001512,netcdf,/work/kd0956/CMIP5/data/cmip5/output1/NOAA-GFDL/GFDL-CM3/piControl/mon/atmos/Amon/r1i1p1/v20120227/tas/tas_Amon_GFDL-CM3_piControl_r1i1p1_001101-001512.nc
cmip5,output1,NOAA-GFDL,GFDL-CM3,piControl,mon,atmos,Amon,r1i1p1,v20120227,tas,001601-002012,netcdf,/work/kd0956/CMIP5/data/cmip5/output1/NOAA-GFDL/GFDL-CM3/piControl/mon/atmos/Amon/r1i1p1/v20120227/tas/tas_Amon_GFDL-CM3_piControl_r1i1p1_001601-002012.nc
cmip5,output1,NOAA-GFDL,GFDL-CM3,piControl,mon,atmos,Amon,r1i1p1,v20120227,tas,002101-002512,netcdf,/work/kd0956/CMIP5/data/cmip5/output1/NOAA-GFDL/GFDL-CM3/piControl/mon/atmos/Amon/r1i1p1/v20120227/tas/tas_Amon_GFDL-CM3_piControl_r1i1p1_002101-002512.nc
cmip5,output1,NOAA-GFDL,GFDL-CM3,piControl,mon,atmos,Amon,r1i1p1,v20120227,tas,002601-003012,netcdf,/work/kd0956/CMIP5/data/cmip5/output1/NOAA-GFDL/GFDL-CM3/piControl/mon/atmos/Amon/r1i1p1/v20120227/tas/tas_Amon_GFDL-CM3_piControl_r1i1p1_002601-003012.nc
cmip5,output1,NOAA-GFDL,GFDL-CM3,piControl,mon,atmos,Amon,r1i1p1,v20120227,tas,003101-003512,netcdf,/work/kd0956/CMIP5/data/cmip5/output1/NOAA-GFDL/GFDL-CM3/piControl/mon/atmos/Amon/r1i1p1/v20120227/tas/tas_Amon_GFDL-CM3_piControl_r1i1p1_003101-003512.nc
cmip5,output1,NOAA-GFDL,GFDL-CM3,piControl,mon,atmos,Amon,r1i1p1,v20120227,tas,003601-004012,netcdf,/work/kd0956/CMIP5/data/cmip5/output1/NOAA-GFDL/GFDL-CM3/piControl/mon/atmos/Amon/r1i1p1/v20120227/tas/tas_Amon_GFDL-CM3_piControl_r1i1p1_003601-004012.nc
cmip5,output1,NOAA-GFDL,GFDL-CM3,piControl,mon,atmos,Amon,r1i1p1,v20120227,tas,004101-004512,netcdf,/work/kd0956/CMIP5/data/cmip5/output1/NOAA-GFDL/GFDL-CM3/piControl/mon/atmos/Amon/r1i1p1/v20120227/tas/tas_Amon_GFDL-CM3_piControl_r1i1p1_004101-004512.nc
cmip5,output1,NOAA-GFDL,GFDL-CM3,piControl,mon,atmos,Amon,r1i1p1,v20120227,tas,004601-005012,netcdf,/work/kd0956/CMIP5/data/cmip5/output1/NOAA-GFDL/GFDL-CM3/piControl/mon/atmos/Amon/r1i1p1/v20120227/tas/tas_Amon_GFDL-CM3_piControl_r1i1p1_004601-005012.nc
cmip5,output1,NOAA-GFDL,GFDL-CM3,piControl,mon,atmos,Amon,r1i1p1,v20120227,tas,005101-005512,netcdf,/work/kd0956/CMIP5/data/cmip5/output1/NOAA-GFDL/GFDL-CM3/piControl/mon/atmos/Amon/r1i1p1/v20120227/tas/tas_Amon_GFDL-CM3_piControl_r1i1p1_005101-005512.nc
cmip5,output1,NOAA-GFDL,GFDL-CM3,piControl,mon,atmos,Amon,r1i1p1,v20120227,tas,005601-006012,netcdf,/work/kd0956/CMIP5/data/cmip5/output1/NOAA-GFDL/GFDL-CM3/piControl/mon/atmos/Amon/r1i1p1/v20120227/tas/tas_Amon_GFDL-CM3_piControl_r1i1p1_005601-006012.nc
cmip5,output1,NOAA-GFDL,GFDL-CM3,piControl,mon,atmos,Amon,r1i1p1,v20120227,tas,006101-006512,netcdf,/work/kd0956/CMIP5/data/cmip5/output1/NOAA-GFDL/GFDL-CM3/piControl/mon/atmos/Amon/r1i1p1/v20120227/tas/tas_Amon_GFDL-CM3_piControl_r1i1p1_006101-006512.nc
cmip5,output1,NOAA-GFDL,GFDL-CM3,piControl,mon,atmos,Amon,r1i1p1,v20120227,tas,006601-007012,netcdf,/work/kd0956/CMIP5/data/cmip5/output1/NOAA-GFDL/GFDL-CM3/piControl/mon/atmos/Amon/r1i1p1/v20120227/tas/tas_Amon_GFDL-CM3_piControl_r1i1p1_006601-007012.nc
cmip5,output1,NOAA-GFDL,GFDL-CM3,piControl,mon,atmos,Amon,r1i1p1,v20120227,tas,007101-007512,netcdf,/work/kd0956/CMIP5/data/cmip5/output1/NOAA-GFDL/GFDL-CM3/piControl/mon/atmos/Amon/r1i1p1/v20120227/tas/tas_Amon_GFDL-CM3_piControl_r1i1p1_007101-007512.nc
cmip5,output1,NOAA-GFDL,GFDL-CM3,piControl,mon,atmos,Amon,r1i1p1,v20120227,tas,007601-008012,netcdf,/work/kd0956/CMIP5/data/cmip5/output1/NOAA-GFDL/GFDL-CM3/piControl/mon/atmos/Amon/r1i1p1/v20120227/tas/tas_Amon_GFDL-CM3_piControl_r1i1p1_007601-008012.nc
cmip5,output1,NOAA-GFDL,GFDL-CM3,piControl,mon,atmos,Amon,r1i1p1,v20120227,tas,008101-008512,netcdf,/work/kd0956/CMIP5/data/cmip5/output1/NOAA-GFDL/GFDL-CM3/piControl/mon/atmos/Amon/r1i1p1/v20120227/tas/tas_Amon_GFDL-CM3_piControl_r1i1p1_008101-008512.nc
cmip5,output1,NOAA-GFDL,GFDL-CM3,piControl,mon,atmos,Amon,r1i1p1,v20120227,tas,008601-009012,netcdf,/work/kd0956/CMIP5/data/cmip5/output1/NOAA-GFDL/GFDL-CM3/piControl/mon/atmos/Amon/r1i1p1/v20120227/tas/tas_Amon_GFDL-CM3_piControl_r1i1p1_008601-009012.nc
cmip5,output1,NOAA-GFDL,GFDL-CM3,piControl,mon,atmos,Amon,r1i1p1,v20120227,tas,009101-009512,netcdf,/work/kd0956/CMIP5/data/cmip5/output1/NOAA-GFDL/GFDL-CM3/piControl/mon/atmos/Amon/r1i1p1/v20120227/tas/tas_Amon_GFDL-CM3_piControl_r1i1p1_009101-009512.nc
cmip5,output1,NOAA-GFDL,GFDL-CM3,piControl,mon,atmos,Amon,r1i1p1,v20120227,tas,009601-010012,netcdf,/work/kd0956/CMIP5/data/cmip5/output1/NOAA-GFDL/GFDL-CM3/piControl/mon/atmos/Amon/r1i1p1/v20120227/tas/tas_Amon_GFDL-CM3_piControl_r1i1p1_009601-010012.nc
cmip5,output1,NOAA-GFDL,GFDL-CM3,piControl,mon,atmos,Amon,r1i1p1,v20120227,tas,010101-010512,netcdf,/work/kd0956/CMIP5/data/cmip5/output1/NOAA-GFDL/GFDL-CM3/piControl/mon/atmos/Amon/r1i1p1/v20120227/tas/tas_Amon_GFDL-CM3_piControl_r1i1p1_010101-010512.nc
cmip5,output1,NOAA-GFDL,GFDL-CM3,piControl,mon,atmos,Amon,r1i1p1,v20120227,tas,010601-011012,netcdf,/work/kd0956/CMIP5/data/cmip5/output1/NOAA-GFDL/GFDL-CM3/piControl/mon/atmos/Amon/r1i1p1/v20120227/tas/tas_Amon_GFDL-CM3_piControl_r1i1p1_010601-011012.nc
cmip5,output1,NOAA-GFDL,GFDL-CM3,piControl,mon,atmos,Amon,r1i1p1,v20120227,tas,011101-011512,netcdf,/work/kd0956/CMIP5/data/cmip5/output1/NOAA-GFDL/GFDL-CM3/piControl/mon/atmos/Amon/r1i1p1/v20120227/tas/tas_Amon_GFDL-CM3_piControl_r1i1p1_011101-011512.nc
cmip5,output1,NOAA-GFDL,GFDL-CM3,piControl,mon,atmos,Amon,r1i1p1,v20120227,tas,011601-012012,netcdf,/work/kd0956/CMIP5/data/cmip5/output1/NOAA-GFDL/GFDL-CM3/piControl/mon/atmos/Amon/r1i1p1/v20120227/tas/tas_Amon_GFDL-CM3_piControl_r1i1p1_011601-012012.nc
cmip5,output1,NOAA-GFDL,GFDL-CM3,piControl,mon,atmos,Amon,r1i1p1,v20120227,tas,012101-012512,netcdf,/work/kd0956/CMIP5/data/cmip5/output1/NOAA-GFDL/GFDL-CM3/piControl/mon/atmos/Amon/r1i1p1/v20120227/tas/tas_Amon_GFDL-CM3_piControl_r1i1p1_012101-012512.nc
cmip5,output1,NOAA-GFDL,GFDL-CM3,piControl,mon,atmos,Amon,r1i1p1,v20120227,tas,012601-013012,netcdf,/work/kd0956/CMIP5/data/cmip5/output1/NOAA-GFDL/GFDL-CM3/piControl/mon/atmos/Amon/r1i1p1/v20120227/tas/tas_Amon_GFDL-CM3_piControl_r1i1p1_012601-013012.nc
cmip5,output1,NOAA-GFDL,GFDL-CM3,piControl,mon,atmos,Amon,r1i1p1,v20120227,tas,013101-013512,netcdf,/work/kd0956/CMIP5/data/cmip5/output1/NOAA-GFDL/GFDL-CM3/piControl/mon/atmos/Amon/r1i1p1/v20120227/tas/tas_Amon_GFDL-CM3_piControl_r1i1p1_013101-013512.nc
cmip5,output1,NOAA-GFDL,GFDL-CM3,piControl,mon,atmos,Amon,r1i1p1,v20120227,tas,013601-014012,netcdf,/work/kd0956/CMIP5/data/cmip5/output1/NOAA-GFDL/GFDL-CM3/piControl/mon/atmos/Amon/r1i1p1/v20120227/tas/tas_Amon_GFDL-CM3_piControl_r1i1p1_013601-014012.nc
cmip5,output1,NOAA-GFDL,GFDL-CM3,piControl,mon,atmos,Amon,r1i1p1,v20120227,tas,014101-014512,netcdf,/work/kd0956/CMIP5/data/cmip5/output1/NOAA-GFDL/GFDL-CM3/piControl/mon/atmos/Amon/r1i1p1/v20120227/tas/tas_Amon_GFDL-CM3_piControl_r1i1p1_014101-014512.nc
cmip5,output1,NOAA-GFDL,GFDL-CM3,piControl,mon,atmos,Amon,r1i1p1,v20120227,tas,014601-015012,netcdf,/work/kd0956/CMIP5/data/cmip5/output1/NOAA-GFDL/GFDL-CM3/piControl/mon/atmos/Amon/r1i1p1/v20120227/tas/tas_Amon_GFDL-CM3_piControl_r1i1p1_014601-015012.nc
cmip5,output1,NOAA-GFDL,GFDL-CM3,piControl,mon,atmos,Amon,r1i1p1,v20120227,tas,015101-015512,netcdf,/work/kd0956/CMIP5/data/cmip5/output1/NOAA-GFDL/GFDL-CM3/piControl/mon/atmos/Amon/r1i1p1/v20120227/tas/tas_Amon_GFDL-CM3_piControl_r1i1p1_015101-015512.nc
cmip5,output1,NOAA-GFDL,GFDL-CM3,piControl,mon,atmos,Amon,r1i1p1,v20120227,tas,015601-016012,netcdf,/work/kd0956/CMIP5/data/cmip5/output1/NOAA-GFDL/GFDL-CM3/piControl/mon/atmos/Amon/r1i1p1/v20120227/tas/tas_Amon_GFDL-CM3_piControl_r1i1p1_015601-016012.nc
cmip5,output1,NOAA-GFDL,GFDL-CM3,piControl,mon,atmos,Amon,r1i1p1,v20120227,tas,016101-016512,netcdf,/work/kd0956/CMIP5/data/cmip5/output1/NOAA-GFDL/GFDL-CM3/piControl/mon/atmos/Amon/r1i1p1/v20120227/tas/tas_Amon_GFDL-CM3_piControl_r1i1p1_016101-016512.nc
cmip5,output1,NOAA-GFDL,GFDL-CM3,piControl,mon,atmos,Amon,r1i1p1,v20120227,tas,016601-017012,netcdf,/work/kd0956/CMIP5/data/cmip5/output1/NOAA-GFDL/GFDL-CM3/piControl/mon/atmos/Amon/r1i1p1/v20120227/tas/tas_Amon_GFDL-CM3_piControl_r1i1p1_016601-017012.nc
cmip5,output1,NOAA-GFDL,GFDL-CM3,piControl,mon,atmos,Amon,r1i1p1,v20120227,tas,017101-017512,netcdf,/work/kd0956/CMIP5/data/cmip5/output1/NOAA-GFDL/GFDL-CM3/piControl/mon/atmos/Amon/r1i1p1/v20120227/tas/tas_Amon_GFDL-CM3_piControl_r1i1p1_017101-017512.nc
cmip5,output1,NOAA-GFDL,GFDL-CM3,piControl,mon,atmos,Amon,r1i1p1,v20120227,tas,017601-018012,netcdf,/work/kd0956/CMIP5/data/cmip5/output1/NOAA-GFDL/GFDL-CM3/piControl/mon/atmos/Amon/r1i1p1/v20120227/tas/tas_Amon_GFDL-CM3_piControl_r1i1p1_017601-018012.nc
cmip5,output1,NOAA-GFDL,GFDL-CM3,piControl,mon,atmos,Amon,r1i1p1,v20120227,tas,018101-018512,netcdf,/work/kd0956/CMIP5/data/cmip5/output1/NOAA-GFDL/GFDL-CM3/piControl/mon/atmos/Amon/r1i1p1/v20120227/tas/tas_Amon_GFDL-CM3_piControl_r1i1p1_018101-018512.nc
cmip5,output1,NOAA-GFDL,GFDL-CM3,piControl,mon,atmos,Amon,r1i1p1,v20120227,tas,018601-019012,netcdf,/work/kd0956/CMIP5/data/cmip5/output1/NOAA-GFDL/GFDL-CM3/piControl/mon/atmos/Amon/r1i1p1/v20120227/tas/tas_Amon_GFDL-CM3_piControl_r1i1p1_018601-019012.nc
cmip5,output1,NOAA-GFDL,GFDL-CM3,piControl,mon,atmos,Amon,r1i1p1,v20120227,tas,019101-019512,netcdf,/work/kd0956/CMIP5/data/cmip5/output1/NOAA-GFDL/GFDL-CM3/piControl/mon/atmos/Amon/r1i1p1/v20120227/tas/tas_Amon_GFDL-CM3_piControl_r1i1p1_019101-019512.nc
cmip5,output1,NOAA-GFDL,GFDL-CM3,piControl,mon,atmos,Amon,r1i1p1,v20120227,tas,019601-020012,netcdf,/work/kd0956/CMIP5/data/cmip5/output1/NOAA-GFDL/GFDL-CM3/piControl/mon/atmos/Amon/r1i1p1/v20120227/tas/tas_Amon_GFDL-CM3_piControl_r1i1p1_019601-020012.nc
cmip5,output1,NOAA-GFDL,GFDL-CM3,piControl,mon,atmos,Amon,r1i1p1,v20120227,tas,020101-020512,netcdf,/work/kd0956/CMIP5/data/cmip5/output1/NOAA-GFDL/GFDL-CM3/piControl/mon/atmos/Amon/r1i1p1/v20120227/tas/tas_Amon_GFDL-CM3_piControl_r1i1p1_020101-020512.nc
cmip5,output1,NOAA-GFDL,GFDL-CM3,piControl,mon,atmos,Amon,r1i1p1,v20120227,tas,020601-021012,netcdf,/work/kd0956/CMIP5/data/cmip5/output1/NOAA-GFDL/GFDL-CM3/piControl/mon/atmos/Amon/r1i1p1/v20120227/tas/tas_Amon_GFDL-CM3_piControl_r1i1p1_020601-021012.nc
cmip5,output1,NOAA-GFDL,GFDL-CM3,piControl,mon,atmos,Amon,r1i1p1,v20120227,tas,021101-021512,netcdf,/work/kd0956/CMIP5/data/cmip5/output1/NOAA-GFDL/GFDL-CM3/piControl/mon/atmos/Amon/r1i1p1/v20120227/tas/tas_Amon_GFDL-CM3_piControl_r1i1p1_021101-021512.nc
cmip5,output1,NOAA-GFDL,GFDL-CM3,piControl,mon,atmos,Amon,r1i1p1,v20120227,tas,021601-022012,netcdf,/work/kd0956/CMIP5/data/cmip5/output1/NOAA-GFDL/GFDL-CM3/piControl/mon/atmos/Amon/r1i1p1/v20120227/tas/tas_Amon_GFDL-CM3_piControl_r1i1p1_021601-022012.nc
cmip5,output1,NOAA-GFDL,GFDL-CM3,piControl,mon,atmos,Amon,r1i1p1,v20120227,tas,022101-022512,netcdf,/work/kd0956/CMIP5/data/cmip5/output1/NOAA-GFDL/GFDL-CM3/piControl/mon/atmos/Amon/r1i1p1/v20120227/tas/tas_Amon_GFDL-CM3_piControl_r1i1p1_022101-022512.nc
cmip5,output1,NOAA-GFDL,GFDL-CM3,piControl,mon,atmos,Amon,r1i1p1,v20120227,tas,022601-023012,netcdf,/work/kd0956/CMIP5/data/cmip5/output1/NOAA-GFDL/GFDL-CM3/piControl/mon/atmos/Amon/r1i1p1/v20120227/tas/tas_Amon_GFDL-CM3_piControl_r1i1p1_022601-023012.nc
cmip5,output1,NOAA-GFDL,GFDL-CM3,piControl,mon,atmos,Amon,r1i1p1,v20120227,tas,023101-023512,netcdf,/work/kd0956/CMIP5/data/cmip5/output1/NOAA-GFDL/GFDL-CM3/piControl/mon/atmos/Amon/r1i1p1/v20120227/tas/tas_Amon_GFDL-CM3_piControl_r1i1p1_023101-023512.nc
cmip5,output1,NOAA-GFDL,GFDL-CM3,piControl,mon,atmos,Amon,r1i1p1,v20120227,tas,023601-024012,netcdf,/work/kd0956/CMIP5/data/cmip5/output1/NOAA-GFDL/GFDL-CM3/piControl/mon/atmos/Amon/r1i1p1/v20120227/tas/tas_Amon_GFDL-CM3_piControl_r1i1p1_023601-024012.nc
cmip5,output1,NOAA-GFDL,GFDL-CM3,piControl,mon,atmos,Amon,r1i1p1,v20120227,tas,024101-024512,netcdf,/work/kd0956/CMIP5/data/cmip5/output1/NOAA-GFDL/GFDL-CM3/piControl/mon/atmos/Amon/r1i1p1/v20120227/tas/tas_Amon_GFDL-CM3_piControl_r1i1p1_024101-024512.nc
cmip5,output1,NOAA-GFDL,GFDL-CM3,piControl,mon,atmos,Amon,r1i1p1,v20120227,tas,024601-025012,netcdf,/work/kd0956/CMIP5/data/cmip5/output1/NOAA-GFDL/GFDL-CM3/piControl/mon/atmos/Amon/r1i1p1/v20120227/tas/tas_Amon_GFDL-CM3_piControl_r1i1p1_024601-025012.nc
cmip5,output1,NOAA-GFDL,GFDL-CM3,piControl,mon,atmos,Amon,r1i1p1,v20120227,tas,025101-025512,netcdf,/work/kd0956/CMIP5/data/cmip5/output1/NOAA-GFDL/GFDL-CM3/piControl/mon/atmos/Amon/r1i1p1/v20120227/tas/tas_Amon_GFDL-CM3_piControl_r1i1p1_025101-025512.nc
cmip5,output1,NOAA-GFDL,GFDL-CM3,piControl,mon,atmos,Amon,r1i1p1,v20120227,tas,025601-026012,netcdf,/work/kd0956/CMIP5/data/cmip5/output1/NOAA-GFDL/GFDL-CM3/piControl/mon/atmos/Amon/r1i1p1/v20120227/tas/tas_Amon_GFDL-CM3_piControl_r1i1p1_025601-026012.nc
cmip5,output1,NOAA-GFDL,GFDL-CM3,piControl,mon,atmos,Amon,r1i1p1,v20120227,tas,026101-026512,netcdf,/work/kd0956/CMIP5/data/cmip5/output1/NOAA-GFDL/GFDL-CM3/piControl/mon/atmos/Amon/r1i1p1/v20120227/tas/tas_Amon_GFDL-CM3_piControl_r1i1p1_026101-026512.nc
cmip5,output1,NOAA-GFDL,GFDL-CM3,piControl,mon,atmos,Amon,r1i1p1,v20120227,tas,026601-027012,netcdf,/work/kd0956/CMIP5/data/cmip5/output1/NOAA-GFDL/GFDL-CM3/piControl/mon/atmos/Amon/r1i1p1/v20120227/tas/tas_Amon_GFDL-CM3_piControl_r1i1p1_026601-027012.nc
cmip5,output1,NOAA-GFDL,GFDL-CM3,piControl,mon,atmos,Amon,r1i1p1,v20120227,tas,027101-027512,netcdf,/work/kd0956/CMIP5/data/cmip5/output1/NOAA-GFDL/GFDL-CM3/piControl/mon/atmos/Amon/r1i1p1/v20120227/tas/tas_Amon_GFDL-CM3_piControl_r1i1p1_027101-027512.nc
cmip5,output1,NOAA-GFDL,GFDL-CM3,piControl,mon,atmos,Amon,r1i1p1,v20120227,tas,027601-028012,netcdf,/work/kd0956/CMIP5/data/cmip5/output1/NOAA-GFDL/GFDL-CM3/piControl/mon/atmos/Amon/r1i1p1/v20120227/tas/tas_Amon_GFDL-CM3_piControl_r1i1p1_027601-028012.nc
cmip5,output1,NOAA-GFDL,GFDL-CM3,piControl,mon,atmos,Amon,r1i1p1,v20120227,tas,028101-028512,netcdf,/work/kd0956/CMIP5/data/cmip5/output1/NOAA-GFDL/GFDL-CM3/piControl/mon/atmos/Amon/r1i1p1/v20120227/tas/tas_Amon_GFDL-CM3_piControl_r1i1p1_028101-028512.nc
cmip5,output1,NOAA-GFDL,GFDL-CM3,piControl,mon,atmos,Amon,r1i1p1,v20120227,tas,028601-029012,netcdf,/work/kd0956/CMIP5/data/cmip5/output1/NOAA-GFDL/GFDL-CM3/piControl/mon/atmos/Amon/r1i1p1/v20120227/tas/tas_Amon_GFDL-CM3_piControl_r1i1p1_028601-029012.nc
cmip5,output1,NOAA-GFDL,GFDL-CM3,piControl,mon,atmos,Amon,r1i1p1,v20120227,tas,029101-029512,netcdf,/work/kd0956/CMIP5/data/cmip5/output1/NOAA-GFDL/GFDL-CM3/piControl/mon/atmos/Amon/r1i1p1/v20120227/tas/tas_Amon_GFDL-CM3_piControl_r1i1p1_029101-029512.nc
cmip5,output1,NOAA-GFDL,GFDL-CM3,piControl,mon,atmos,Amon,r1i1p1,v20120227,tas,029601-030012,netcdf,/work/kd0956/CMIP5/data/cmip5/output1/NOAA-GFDL/GFDL-CM3/piControl/mon/atmos/Amon/r1i1p1/v20120227/tas/tas_Amon_GFDL-CM3_piControl_r1i1p1_029601-030012.nc
cmip5,output1,NOAA-GFDL,GFDL-CM3,piControl,mon,atmos,Amon,r1i1p1,v20120227,tas,030101-030512,netcdf,/work/kd0956/CMIP5/data/cmip5/output1/NOAA-GFDL/GFDL-CM3/piControl/mon/atmos/Amon/r1i1p1/v20120227/tas/tas_Amon_GFDL-CM3_piControl_r1i1p1_030101-030512.nc
cmip5,output1,NOAA-GFDL,GFDL-CM3,piControl,mon,atmos,Amon,r1i1p1,v20120227,tas,030601-031012,netcdf,/work/kd0956/CMIP5/data/cmip5/output1/NOAA-GFDL/GFDL-CM3/piControl/mon/atmos/Amon/r1i1p1/v20120227/tas/tas_Amon_GFDL-CM3_piControl_r1i1p1_030601-031012.nc
cmip5,output1,NOAA-GFDL,GFDL-CM3,piControl,mon,atmos,Amon,r1i1p1,v20120227,tas,031101-031512,netcdf,/work/kd0956/CMIP5/data/cmip5/output1/NOAA-GFDL/GFDL-CM3/piControl/mon/atmos/Amon/r1i1p1/v20120227/tas/tas_Amon_GFDL-CM3_piControl_r1i1p1_031101-031512.nc
cmip5,output1,NOAA-GFDL,GFDL-CM3,piControl,mon,atmos,Amon,r1i1p1,v20120227,tas,031601-032012,netcdf,/work/kd0956/CMIP5/data/cmip5/output1/NOAA-GFDL/GFDL-CM3/piControl/mon/atmos/Amon/r1i1p1/v20120227/tas/tas_Amon_GFDL-CM3_piControl_r1i1p1_031601-032012.nc
cmip5,output1,NOAA-GFDL,GFDL-CM3,piControl,mon,atmos,Amon,r1i1p1,v20120227,tas,032101-032512,netcdf,/work/kd0956/CMIP5/data/cmip5/output1/NOAA-GFDL/GFDL-CM3/piControl/mon/atmos/Amon/r1i1p1/v20120227/tas/tas_Amon_GFDL-CM3_piControl_r1i1p1_032101-032512.nc
cmip5,output1,NOAA-GFDL,GFDL-CM3,piControl,mon,atmos,Amon,r1i1p1,v20120227,tas,032601-033012,netcdf,/work/kd0956/CMIP5/data/cmip5/output1/NOAA-GFDL/GFDL-CM3/piControl/mon/atmos/Amon/r1i1p1/v20120227/tas/tas_Amon_GFDL-CM3_piControl_r1i1p1_032601-033012.nc
cmip5,output1,NOAA-GFDL,GFDL-CM3,piControl,mon,atmos,Amon,r1i1p1,v20120227,tas,033101-033512,netcdf,/work/kd0956/CMIP5/data/cmip5/output1/NOAA-GFDL/GFDL-CM3/piControl/mon/atmos/Amon/r1i1p1/v20120227/tas/tas_Amon_GFDL-CM3_piControl_r1i1p1_033101-033512.nc
cmip5,output1,NOAA-GFDL,GFDL-CM3,piControl,mon,atmos,Amon,r1i1p1,v20120227,tas,033601-034012,netcdf,/work/kd0956/CMIP5/data/cmip5/output1/NOAA-GFDL/GFDL-CM3/piControl/mon/atmos/Amon/r1i1p1/v20120227/tas/tas_Amon_GFDL-CM3_piControl_r1i1p1_033601-034012.nc
cmip5,output1,NOAA-GFDL,GFDL-CM3,piControl,mon,atmos,Amon,r1i1p1,v20120227,tas,034101-034512,netcdf,/work/kd0956/CMIP5/data/cmip5/output1/NOAA-GFDL/GFDL-CM3/piControl/mon/atmos/Amon/r1i1p1/v20120227/tas/tas_Amon_GFDL-CM3_piControl_r1i1p1_034101-034512.nc
cmip5,output1,NOAA-GFDL,GFDL-CM3,piControl,mon,atmos,Amon,r1i1p1,v20120227,tas,034601-035012,netcdf,/work/kd0956/CMIP5/data/cmip5/output1/NOAA-GFDL/GFDL-CM3/piControl/mon/atmos/Amon/r1i1p1/v20120227/tas/tas_Amon_GFDL-CM3_piControl_r1i1p1_034601-035012.nc
cmip5,output1,NOAA-GFDL,GFDL-CM3,piControl,mon,atmos,Amon,r1i1p1,v20120227,tas,035101-035512,netcdf,/work/kd0956/CMIP5/data/cmip5/output1/NOAA-GFDL/GFDL-CM3/piControl/mon/atmos/Amon/r1i1p1/v20120227/tas/tas_Amon_GFDL-CM3_piControl_r1i1p1_035101-035512.nc
cmip5,output1,NOAA-GFDL,GFDL-CM3,piControl,mon,atmos,Amon,r1i1p1,v20120227,tas,035601-036012,netcdf,/work/kd0956/CMIP5/data/cmip5/output1/NOAA-GFDL/GFDL-CM3/piControl/mon/atmos/Amon/r1i1p1/v20120227/tas/tas_Amon_GFDL-CM3_piControl_r1i1p1_035601-036012.nc
cmip5,output1,NOAA-GFDL,GFDL-CM3,piControl,mon,atmos,Amon,r1i1p1,v20120227,tas,036101-036512,netcdf,/work/kd0956/CMIP5/data/cmip5/output1/NOAA-GFDL/GFDL-CM3/piControl/mon/atmos/Amon/r1i1p1/v20120227/tas/tas_Amon_GFDL-CM3_piControl_r1i1p1_036101-036512.nc
cmip5,output1,NOAA-GFDL,GFDL-CM3,piControl,mon,atmos,Amon,r1i1p1,v20120227,tas,036601-037012,netcdf,/work/kd0956/CMIP5/data/cmip5/output1/NOAA-GFDL/GFDL-CM3/piControl/mon/atmos/Amon/r1i1p1/v20120227/tas/tas_Amon_GFDL-CM3_piControl_r1i1p1_036601-037012.nc
cmip5,output1,NOAA-GFDL,GFDL-CM3,piControl,mon,atmos,Amon,r1i1p1,v20120227,tas,037101-037512,netcdf,/work/kd0956/CMIP5/data/cmip5/output1/NOAA-GFDL/GFDL-CM3/piControl/mon/atmos/Amon/r1i1p1/v20120227/tas/tas_Amon_GFDL-CM3_piControl_r1i1p1_037101-037512.nc
cmip5,output1,NOAA-GFDL,GFDL-CM3,piControl,mon,atmos,Amon,r1i1p1,v20120227,tas,037601-038012,netcdf,/work/kd0956/CMIP5/data/cmip5/output1/NOAA-GFDL/GFDL-CM3/piControl/mon/atmos/Amon/r1i1p1/v20120227/tas/tas_Amon_GFDL-CM3_piControl_r1i1p1_037601-038012.nc
cmip5,output1,NOAA-GFDL,GFDL-CM3,piControl,mon,atmos,Amon,r1i1p1,v20120227,tas,038101-038512,netcdf,/work/kd0956/CMIP5/data/cmip5/output1/NOAA-GFDL/GFDL-CM3/piControl/mon/atmos/Amon/r1i1p1/v20120227/tas/tas_Amon_GFDL-CM3_piControl_r1i1p1_038101-038512.nc
cmip5,output1,NOAA-GFDL,GFDL-CM3,piControl,mon,atmos,Amon,r1i1p1,v20120227,tas,038601-039012,netcdf,/work/kd0956/CMIP5/data/cmip5/output1/NOAA-GFDL/GFDL-CM3/piControl/mon/atmos/Amon/r1i1p1/v20120227/tas/tas_Amon_GFDL-CM3_piControl_r1i1p1_038601-039012.nc
cmip5,output1,NOAA-GFDL,GFDL-CM3,piControl,mon,atmos,Amon,r1i1p1,v20120227,tas,039101-039512,netcdf,/work/kd0956/CMIP5/data/cmip5/output1/NOAA-GFDL/GFDL-CM3/piControl/mon/atmos/Amon/r1i1p1/v20120227/tas/tas_Amon_GFDL-CM3_piControl_r1i1p1_039101-039512.nc
cmip5,output1,NOAA-GFDL,GFDL-CM3,piControl,mon,atmos,Amon,r1i1p1,v20120227,tas,039601-040012,netcdf,/work/kd0956/CMIP5/data/cmip5/output1/NOAA-GFDL/GFDL-CM3/piControl/mon/atmos/Amon/r1i1p1/v20120227/tas/tas_Amon_GFDL-CM3_piControl_r1i1p1_039601-040012.nc
cmip5,output1,NOAA-GFDL,GFDL-CM3,piControl,mon,atmos,Amon,r1i1p1,v20120227,tas,040101-040512,netcdf,/work/kd0956/CMIP5/data/cmip5/output1/NOAA-GFDL/GFDL-CM3/piControl/mon/atmos/Amon/r1i1p1/v20120227/tas/tas_Amon_GFDL-CM3_piControl_r1i1p1_040101-040512.nc
cmip5,output1,NOAA-GFDL,GFDL-CM3,piControl,mon,atmos,Amon,r1i1p1,v20120227,tas,040601-041012,netcdf,/work/kd0956/CMIP5/data/cmip5/output1/NOAA-GFDL/GFDL-CM3/piControl/mon/atmos/Amon/r1i1p1/v20120227/tas/tas_Amon_GFDL-CM3_piControl_r1i1p1_040601-041012.nc
cmip5,output1,NOAA-GFDL,GFDL-CM3,piControl,mon,atmos,Amon,r1i1p1,v20120227,tas,041101-041512,netcdf,/work/kd0956/CMIP5/data/cmip5/output1/NOAA-GFDL/GFDL-CM3/piControl/mon/atmos/Amon/r1i1p1/v20120227/tas/tas_Amon_GFDL-CM3_piControl_r1i1p1_041101-041512.nc
cmip5,output1,NOAA-GFDL,GFDL-CM3,piControl,mon,atmos,Amon,r1i1p1,v20120227,tas,041601-042012,netcdf,/work/kd0956/CMIP5/data/cmip5/output1/NOAA-GFDL/GFDL-CM3/piControl/mon/atmos/Amon/r1i1p1/v20120227/tas/tas_Amon_GFDL-CM3_piControl_r1i1p1_041601-042012.nc
cmip5,output1,NOAA-GFDL,GFDL-CM3,piControl,mon,atmos,Amon,r1i1p1,v20120227,tas,042101-042512,netcdf,/work/kd0956/CMIP5/data/cmip5/output1/NOAA-GFDL/GFDL-CM3/piControl/mon/atmos/Amon/r1i1p1/v20120227/tas/tas_Amon_GFDL-CM3_piControl_r1i1p1_042101-042512.nc
cmip5,output1,NOAA-GFDL,GFDL-CM3,piControl,mon,atmos,Amon,r1i1p1,v20120227,tas,042601-043012,netcdf,/work/kd0956/CMIP5/data/cmip5/output1/NOAA-GFDL/GFDL-CM3/piControl/mon/atmos/Amon/r1i1p1/v20120227/tas/tas_Amon_GFDL-CM3_piControl_r1i1p1_042601-043012.nc
cmip5,output1,NOAA-GFDL,GFDL-CM3,piControl,mon,atmos,Amon,r1i1p1,v20120227,tas,043101-043512,netcdf,/work/kd0956/CMIP5/data/cmip5/output1/NOAA-GFDL/GFDL-CM3/piControl/mon/atmos/Amon/r1i1p1/v20120227/tas/tas_Amon_GFDL-CM3_piControl_r1i1p1_043101-043512.nc
cmip5,output1,NOAA-GFDL,GFDL-CM3,piControl,mon,atmos,Amon,r1i1p1,v20120227,tas,043601-044012,netcdf,/work/kd0956/CMIP5/data/cmip5/output1/NOAA-GFDL/GFDL-CM3/piControl/mon/atmos/Amon/r1i1p1/v20120227/tas/tas_Amon_GFDL-CM3_piControl_r1i1p1_043601-044012.nc
cmip5,output1,NOAA-GFDL,GFDL-CM3,piControl,mon,atmos,Amon,r1i1p1,v20120227,tas,044101-044512,netcdf,/work/kd0956/CMIP5/data/cmip5/output1/NOAA-GFDL/GFDL-CM3/piControl/mon/atmos/Amon/r1i1p1/v20120227/tas/tas_Amon_GFDL-CM3_piControl_r1i1p1_044101-044512.nc
cmip5,output1,NOAA-GFDL,GFDL-CM3,piControl,mon,atmos,Amon,r1i1p1,v20120227,tas,044601-045012,netcdf,/work/kd0956/CMIP5/data/cmip5/output1/NOAA-GFDL/GFDL-CM3/piControl/mon/atmos/Amon/r1i1p1/v20120227/tas/tas_Amon_GFDL-CM3_piControl_r1i1p1_044601-045012.nc
cmip5,output1,NOAA-GFDL,GFDL-CM3,piControl,mon,atmos,Amon,r1i1p1,v20120227,tas,045101-045512,netcdf,/work/kd0956/CMIP5/data/cmip5/output1/NOAA-GFDL/GFDL-CM3/piControl/mon/atmos/Amon/r1i1p1/v20120227/tas/tas_Amon_GFDL-CM3_piControl_r1i1p1_045101-045512.nc
cmip5,output1,NOAA-GFDL,GFDL-CM3,piControl,mon,atmos,Amon,r1i1p1,v20120227,tas,045601-046012,netcdf,/work/kd0956/CMIP5/data/cmip5/output1/NOAA-GFDL/GFDL-CM3/piControl/mon/atmos/Amon/r1i1p1/v20120227/tas/tas_Amon_GFDL-CM3_piControl_r1i1p1_045601-046012.nc
cmip5,output1,NOAA-GFDL,GFDL-CM3,piControl,mon,atmos,Amon,r1i1p1,v20120227,tas,046101-046512,netcdf,/work/kd0956/CMIP5/data/cmip5/output1/NOAA-GFDL/GFDL-CM3/piControl/mon/atmos/Amon/r1i1p1/v20120227/tas/tas_Amon_GFDL-CM3_piControl_r1i1p1_046101-046512.nc
cmip5,output1,NOAA-GFDL,GFDL-CM3,piControl,mon,atmos,Amon,r1i1p1,v20120227,tas,046601-047012,netcdf,/work/kd0956/CMIP5/data/cmip5/output1/NOAA-GFDL/GFDL-CM3/piControl/mon/atmos/Amon/r1i1p1/v20120227/tas/tas_Amon_GFDL-CM3_piControl_r1i1p1_046601-047012.nc
cmip5,output1,NOAA-GFDL,GFDL-CM3,piControl,mon,atmos,Amon,r1i1p1,v20120227,tas,047101-047512,netcdf,/work/kd0956/CMIP5/data/cmip5/output1/NOAA-GFDL/GFDL-CM3/piControl/mon/atmos/Amon/r1i1p1/v20120227/tas/tas_Amon_GFDL-CM3_piControl_r1i1p1_047101-047512.nc
cmip5,output1,NOAA-GFDL,GFDL-CM3,piControl,mon,atmos,Amon,r1i1p1,v20120227,tas,047601-048012,netcdf,/work/kd0956/CMIP5/data/cmip5/output1/NOAA-GFDL/GFDL-CM3/piControl/mon/atmos/Amon/r1i1p1/v20120227/tas/tas_Amon_GFDL-CM3_piControl_r1i1p1_047601-048012.nc
cmip5,output1,NOAA-GFDL,GFDL-CM3,piControl,mon,atmos,Amon,r1i1p1,v20120227,tas,048101-048512,netcdf,/work/kd0956/CMIP5/data/cmip5/output1/NOAA-GFDL/GFDL-CM3/piControl/mon/atmos/Amon/r1i1p1/v20120227/tas/tas_Amon_GFDL-CM3_piControl_r1i1p1_048101-048512.nc
cmip5,output1,NOAA-GFDL,GFDL-CM3,piControl,mon,atmos,Amon,r1i1p1,v20120227,tas,048601-049012,netcdf,/work/kd0956/CMIP5/data/cmip5/output1/NOAA-GFDL/GFDL-CM3/piControl/mon/atmos/Amon/r1i1p1/v20120227/tas/tas_Amon_GFDL-CM3_piControl_r1i1p1_048601-049012.nc
cmip5,output1,NOAA-GFDL,GFDL-CM3,piControl,mon,atmos,Amon,r1i1p1,v20120227,tas,049101-049512,netcdf,/work/kd0956/CMIP5/data/cmip5/output1/NOAA-GFDL/GFDL-CM3/piControl/mon/atmos/Amon/r1i1p1/v20120227/tas/tas_Amon_GFDL-CM3_piControl_r1i1p1_049101-049512.nc
cmip5,output1,NOAA-GFDL,GFDL-CM3,piControl,mon,atmos,Amon,r1i1p1,v20120227,tas,049601-050012,netcdf,/work/kd0956/CMIP5/data/cmip5/output1/NOAA-GFDL/GFDL-CM3/piControl/mon/atmos/Amon/r1i1p1/v20120227/tas/tas_Amon_GFDL-CM3_piControl_r1i1p1_049601-050012.nc
cmip5,output1,NOAA-GFDL,GFDL-ESM2M,piControl,mon,atmos,Amon,r1i1p1,v20130214,tas,000101-000512,netcdf,/work/kd0956/CMIP5/data/cmip5/output1/NOAA-GFDL/GFDL-ESM2M/piControl/mon/atmos/Amon/r1i1p1/v20130214/tas/tas_Amon_GFDL-ESM2M_piControl_r1i1p1_000101-000512.nc
cmip5,output1,NOAA-GFDL,GFDL-ESM2M,piControl,mon,atmos,Amon,r1i1p1,v20130214,tas,000601-001012,netcdf,/work/kd0956/CMIP5/data/cmip5/output1/NOAA-GFDL/GFDL-ESM2M/piControl/mon/atmos/Amon/r1i1p1/v20130214/tas/tas_Amon_GFDL-ESM2M_piControl_r1i1p1_000601-001012.nc
cmip5,output1,NOAA-GFDL,GFDL-ESM2M,piControl,mon,atmos,Amon,r1i1p1,v20130214,tas,001101-001512,netcdf,/work/kd0956/CMIP5/data/cmip5/output1/NOAA-GFDL/GFDL-ESM2M/piControl/mon/atmos/Amon/r1i1p1/v20130214/tas/tas_Amon_GFDL-ESM2M_piControl_r1i1p1_001101-001512.nc
cmip5,output1,NOAA-GFDL,GFDL-ESM2M,piControl,mon,atmos,Amon,r1i1p1,v20130214,tas,001601-002012,netcdf,/work/kd0956/CMIP5/data/cmip5/output1/NOAA-GFDL/GFDL-ESM2M/piControl/mon/atmos/Amon/r1i1p1/v20130214/tas/tas_Amon_GFDL-ESM2M_piControl_r1i1p1_001601-002012.nc
cmip5,output1,NOAA-GFDL,GFDL-ESM2M,piControl,mon,atmos,Amon,r1i1p1,v20130214,tas,002101-002512,netcdf,/work/kd0956/CMIP5/data/cmip5/output1/NOAA-GFDL/GFDL-ESM2M/piControl/mon/atmos/Amon/r1i1p1/v20130214/tas/tas_Amon_GFDL-ESM2M_piControl_r1i1p1_002101-002512.nc
cmip5,output1,NOAA-GFDL,GFDL-ESM2M,piControl,mon,atmos,Amon,r1i1p1,v20130214,tas,002601-003012,netcdf,/work/kd0956/CMIP5/data/cmip5/output1/NOAA-GFDL/GFDL-ESM2M/piControl/mon/atmos/Amon/r1i1p1/v20130214/tas/tas_Amon_GFDL-ESM2M_piControl_r1i1p1_002601-003012.nc
cmip5,output1,NOAA-GFDL,GFDL-ESM2M,piControl,mon,atmos,Amon,r1i1p1,v20130214,tas,003101-003512,netcdf,/work/kd0956/CMIP5/data/cmip5/output1/NOAA-GFDL/GFDL-ESM2M/piControl/mon/atmos/Amon/r1i1p1/v20130214/tas/tas_Amon_GFDL-ESM2M_piControl_r1i1p1_003101-003512.nc
cmip5,output1,NOAA-GFDL,GFDL-ESM2M,piControl,mon,atmos,Amon,r1i1p1,v20130214,tas,003601-004012,netcdf,/work/kd0956/CMIP5/data/cmip5/output1/NOAA-GFDL/GFDL-ESM2M/piControl/mon/atmos/Amon/r1i1p1/v20130214/tas/tas_Amon_GFDL-ESM2M_piControl_r1i1p1_003601-004012.nc
cmip5,output1,NOAA-GFDL,GFDL-ESM2M,piControl,mon,atmos,Amon,r1i1p1,v20130214,tas,004101-004512,netcdf,/work/kd0956/CMIP5/data/cmip5/output1/NOAA-GFDL/GFDL-ESM2M/piControl/mon/atmos/Amon/r1i1p1/v20130214/tas/tas_Amon_GFDL-ESM2M_piControl_r1i1p1_004101-004512.nc
cmip5,output1,NOAA-GFDL,GFDL-ESM2M,piControl,mon,atmos,Amon,r1i1p1,v20130214,tas,004601-005012,netcdf,/work/kd0956/CMIP5/data/cmip5/output1/NOAA-GFDL/GFDL-ESM2M/piControl/mon/atmos/Amon/r1i1p1/v20130214/tas/tas_Amon_GFDL-ESM2M_piControl_r1i1p1_004601-005012.nc
cmip5,output1,NOAA-GFDL,GFDL-ESM2M,piControl,mon,atmos,Amon,r1i1p1,v20130214,tas,005101-005512,netcdf,/work/kd0956/CMIP5/data/cmip5/output1/NOAA-GFDL/GFDL-ESM2M/piControl/mon/atmos/Amon/r1i1p1/v20130214/tas/tas_Amon_GFDL-ESM2M_piControl_r1i1p1_005101-005512.nc
cmip5,output1,NOAA-GFDL,GFDL-ESM2M,piControl,mon,atmos,Amon,r1i1p1,v20130214,tas,005601-006012,netcdf,/work/kd0956/CMIP5/data/cmip5/output1/NOAA-GFDL/GFDL-ESM2M/piControl/mon/atmos/Amon/r1i1p1/v20130214/tas/tas_Amon_GFDL-ESM2M_piControl_r1i1p1_005601-006012.nc
cmip5,output1,NOAA-GFDL,GFDL-ESM2M,piControl,mon,atmos,Amon,r1i1p1,v20130214,tas,006101-006512,netcdf,/work/kd0956/CMIP5/data/cmip5/output1/NOAA-GFDL/GFDL-ESM2M/piControl/mon/atmos/Amon/r1i1p1/v20130214/tas/tas_Amon_GFDL-ESM2M_piControl_r1i1p1_006101-006512.nc
cmip5,output1,NOAA-GFDL,GFDL-ESM2M,piControl,mon,atmos,Amon,r1i1p1,v20130214,tas,006601-007012,netcdf,/work/kd0956/CMIP5/data/cmip5/output1/NOAA-GFDL/GFDL-ESM2M/piControl/mon/atmos/Amon/r1i1p1/v20130214/tas/tas_Amon_GFDL-ESM2M_piControl_r1i1p1_006601-007012.nc
cmip5,output1,NOAA-GFDL,GFDL-ESM2M,piControl,mon,atmos,Amon,r1i1p1,v20130214,tas,007101-007512,netcdf,/work/kd0956/CMIP5/data/cmip5/output1/NOAA-GFDL/GFDL-ESM2M/piControl/mon/atmos/Amon/r1i1p1/v20130214/tas/tas_Amon_GFDL-ESM2M_piControl_r1i1p1_007101-007512.nc
cmip5,output1,NOAA-GFDL,GFDL-ESM2M,piControl,mon,atmos,Amon,r1i1p1,v20130214,tas,007601-008012,netcdf,/work/kd0956/CMIP5/data/cmip5/output1/NOAA-GFDL/GFDL-ESM2M/piControl/mon/atmos/Amon/r1i1p1/v20130214/tas/tas_Amon_GFDL-ESM2M_piControl_r1i1p1_007601-008012.nc
cmip5,output1,NOAA-GFDL,GFDL-ESM2M,piControl,mon,atmos,Amon,r1i1p1,v20130214,tas,008101-008512,netcdf,/work/kd0956/CMIP5/data/cmip5/output1/NOAA-GFDL/GFDL-ESM2M/piControl/mon/atmos/Amon/r1i1p1/v20130214/tas/tas_Amon_GFDL-ESM2M_piControl_r1i1p1_008101-008512.nc
cmip5,output1,NOAA-GFDL,GFDL-ESM2M,piControl,mon,atmos,Amon,r1i1p1,v20130214,tas,008601-009012,netcdf,/work/kd0956/CMIP5/data/cmip5/output1/NOAA-GFDL/GFDL-ESM2M/piControl/mon/atmos/Amon/r1i1p1/v20130214/tas/tas_Amon_GFDL-ESM2M_piControl_r1i1p1_008601-009012.nc
cmip5,output1,NOAA-GFDL,GFDL-ESM2M,piControl,mon,atmos,Amon,r1i1p1,v20130214,tas,009101-009512,netcdf,/work/kd0956/CMIP5/data/cmip5/output1/NOAA-GFDL/GFDL-ESM2M/piControl/mon/atmos/Amon/r1i1p1/v20130214/tas/tas_Amon_GFDL-ESM2M_piControl_r1i1p1_009101-009512.nc
cmip5,output1,NOAA-GFDL,GFDL-ESM2M,piControl,mon,atmos,Amon,r1i1p1,v20130214,tas,009601-010012,netcdf,/work/kd0956/CMIP5/data/cmip5/output1/NOAA-GFDL/GFDL-ESM2M/piControl/mon/atmos/Amon/r1i1p1/v20130214/tas/tas_Amon_GFDL-ESM2M_piControl_r1i1p1_009601-010012.nc
cmip5,output1,NOAA-GFDL,GFDL-ESM2M,piControl,mon,atmos,Amon,r1i1p1,v20130214,tas,010101-010512,netcdf,/work/kd0956/CMIP5/data/cmip5/output1/NOAA-GFDL/GFDL-ESM2M/piControl/mon/atmos/Amon/r1i1p1/v20130214/tas/tas_Amon_GFDL-ESM2M_piControl_r1i1p1_010101-010512.nc
cmip5,output1,NOAA-GFDL,GFDL-ESM2M,piControl,mon,atmos,Amon,r1i1p1,v20130214,tas,010601-011012,netcdf,/work/kd0956/CMIP5/data/cmip5/output1/NOAA-GFDL/GFDL-ESM2M/piControl/mon/atmos/Amon/r1i1p1/v20130214/tas/tas_Amon_GFDL-ESM2M_piControl_r1i1p1_010601-011012.nc
cmip5,output1,NOAA-GFDL,GFDL-ESM2M,piControl,mon,atmos,Amon,r1i1p1,v20130214,tas,011101-011512,netcdf,/work/kd0956/CMIP5/data/cmip5/output1/NOAA-GFDL/GFDL-ESM2M/piControl/mon/atmos/Amon/r1i1p1/v20130214/tas/tas_Amon_GFDL-ESM2M_piControl_r1i1p1_011101-011512.nc
cmip5,output1,NOAA-GFDL,GFDL-ESM2M,piControl,mon,atmos,Amon,r1i1p1,v20130214,tas,011601-012012,netcdf,/work/kd0956/CMIP5/data/cmip5/output1/NOAA-GFDL/GFDL-ESM2M/piControl/mon/atmos/Amon/r1i1p1/v20130214/tas/tas_Amon_GFDL-ESM2M_piControl_r1i1p1_011601-012012.nc
cmip5,output1,NOAA-GFDL,GFDL-ESM2M,piControl,mon,atmos,Amon,r1i1p1,v20130214,tas,012101-012512,netcdf,/work/kd0956/CMIP5/data/cmip5/output1/NOAA-GFDL/GFDL-ESM2M/piControl/mon/atmos/Amon/r1i1p1/v20130214/tas/tas_Amon_GFDL-ESM2M_piControl_r1i1p1_012101-012512.nc
cmip5,output1,NOAA-GFDL,GFDL-ESM2M,piControl,mon,atmos,Amon,r1i1p1,v20130214,tas,012601-013012,netcdf,/work/kd0956/CMIP5/data/cmip5/output1/NOAA-GFDL/GFDL-ESM2M/piControl/mon/atmos/Amon/r1i1p1/v20130214/tas/tas_Amon_GFDL-ESM2M_piControl_r1i1p1_012601-013012.nc
cmip5,output1,NOAA-GFDL,GFDL-ESM2M,piControl,mon,atmos,Amon,r1i1p1,v20130214,tas,013101-013512,netcdf,/work/kd0956/CMIP5/data/cmip5/output1/NOAA-GFDL/GFDL-ESM2M/piControl/mon/atmos/Amon/r1i1p1/v20130214/tas/tas_Amon_GFDL-ESM2M_piControl_r1i1p1_013101-013512.nc
cmip5,output1,NOAA-GFDL,GFDL-ESM2M,piControl,mon,atmos,Amon,r1i1p1,v20130214,tas,013601-014012,netcdf,/work/kd0956/CMIP5/data/cmip5/output1/NOAA-GFDL/GFDL-ESM2M/piControl/mon/atmos/Amon/r1i1p1/v20130214/tas/tas_Amon_GFDL-ESM2M_piControl_r1i1p1_013601-014012.nc
cmip5,output1,NOAA-GFDL,GFDL-ESM2M,piControl,mon,atmos,Amon,r1i1p1,v20130214,tas,014101-014512,netcdf,/work/kd0956/CMIP5/data/cmip5/output1/NOAA-GFDL/GFDL-ESM2M/piControl/mon/atmos/Amon/r1i1p1/v20130214/tas/tas_Amon_GFDL-ESM2M_piControl_r1i1p1_014101-014512.nc
cmip5,output1,NOAA-GFDL,GFDL-ESM2M,piControl,mon,atmos,Amon,r1i1p1,v20130214,tas,014601-015012,netcdf,/work/kd0956/CMIP5/data/cmip5/output1/NOAA-GFDL/GFDL-ESM2M/piControl/mon/atmos/Amon/r1i1p1/v20130214/tas/tas_Amon_GFDL-ESM2M_piControl_r1i1p1_014601-015012.nc
cmip5,output1,NOAA-GFDL,GFDL-ESM2M,piControl,mon,atmos,Amon,r1i1p1,v20130214,tas,015101-015512,netcdf,/work/kd0956/CMIP5/data/cmip5/output1/NOAA-GFDL/GFDL-ESM2M/piControl/mon/atmos/Amon/r1i1p1/v20130214/tas/tas_Amon_GFDL-ESM2M_piControl_r1i1p1_015101-015512.nc
cmip5,output1,NOAA-GFDL,GFDL-ESM2M,piControl,mon,atmos,Amon,r1i1p1,v20130214,tas,015601-016012,netcdf,/work/kd0956/CMIP5/data/cmip5/output1/NOAA-GFDL/GFDL-ESM2M/piControl/mon/atmos/Amon/r1i1p1/v20130214/tas/tas_Amon_GFDL-ESM2M_piControl_r1i1p1_015601-016012.nc
cmip5,output1,NOAA-GFDL,GFDL-ESM2M,piControl,mon,atmos,Amon,r1i1p1,v20130214,tas,016101-016512,netcdf,/work/kd0956/CMIP5/data/cmip5/output1/NOAA-GFDL/GFDL-ESM2M/piControl/mon/atmos/Amon/r1i1p1/v20130214/tas/tas_Amon_GFDL-ESM2M_piControl_r1i1p1_016101-016512.nc
cmip5,output1,NOAA-GFDL,GFDL-ESM2M,piControl,mon,atmos,Amon,r1i1p1,v20130214,tas,016601-017012,netcdf,/work/kd0956/CMIP5/data/cmip5/output1/NOAA-GFDL/GFDL-ESM2M/piControl/mon/atmos/Amon/r1i1p1/v20130214/tas/tas_Amon_GFDL-ESM2M_piControl_r1i1p1_016601-017012.nc
cmip5,output1,NOAA-GFDL,GFDL-ESM2M,piControl,mon,atmos,Amon,r1i1p1,v20130214,tas,017101-017512,netcdf,/work/kd0956/CMIP5/data/cmip5/output1/NOAA-GFDL/GFDL-ESM2M/piControl/mon/atmos/Amon/r1i1p1/v20130214/tas/tas_Amon_GFDL-ESM2M_piControl_r1i1p1_017101-017512.nc
cmip5,output1,NOAA-GFDL,GFDL-ESM2M,piControl,mon,atmos,Amon,r1i1p1,v20130214,tas,017601-018012,netcdf,/work/kd0956/CMIP5/data/cmip5/output1/NOAA-GFDL/GFDL-ESM2M/piControl/mon/atmos/Amon/r1i1p1/v20130214/tas/tas_Amon_GFDL-ESM2M_piControl_r1i1p1_017601-018012.nc
cmip5,output1,NOAA-GFDL,GFDL-ESM2M,piControl,mon,atmos,Amon,r1i1p1,v20130214,tas,018101-018512,netcdf,/work/kd0956/CMIP5/data/cmip5/output1/NOAA-GFDL/GFDL-ESM2M/piControl/mon/atmos/Amon/r1i1p1/v20130214/tas/tas_Amon_GFDL-ESM2M_piControl_r1i1p1_018101-018512.nc
cmip5,output1,NOAA-GFDL,GFDL-ESM2M,piControl,mon,atmos,Amon,r1i1p1,v20130214,tas,018601-019012,netcdf,/work/kd0956/CMIP5/data/cmip5/output1/NOAA-GFDL/GFDL-ESM2M/piControl/mon/atmos/Amon/r1i1p1/v20130214/tas/tas_Amon_GFDL-ESM2M_piControl_r1i1p1_018601-019012.nc
cmip5,output1,NOAA-GFDL,GFDL-ESM2M,piControl,mon,atmos,Amon,r1i1p1,v20130214,tas,019101-019512,netcdf,/work/kd0956/CMIP5/data/cmip5/output1/NOAA-GFDL/GFDL-ESM2M/piControl/mon/atmos/Amon/r1i1p1/v20130214/tas/tas_Amon_GFDL-ESM2M_piControl_r1i1p1_019101-019512.nc
cmip5,output1,NOAA-GFDL,GFDL-ESM2M,piControl,mon,atmos,Amon,r1i1p1,v20130214,tas,019601-020012,netcdf,/work/kd0956/CMIP5/data/cmip5/output1/NOAA-GFDL/GFDL-ESM2M/piControl/mon/atmos/Amon/r1i1p1/v20130214/tas/tas_Amon_GFDL-ESM2M_piControl_r1i1p1_019601-020012.nc
cmip5,output1,NOAA-GFDL,GFDL-ESM2M,piControl,mon,atmos,Amon,r1i1p1,v20130214,tas,020101-020512,netcdf,/work/kd0956/CMIP5/data/cmip5/output1/NOAA-GFDL/GFDL-ESM2M/piControl/mon/atmos/Amon/r1i1p1/v20130214/tas/tas_Amon_GFDL-ESM2M_piControl_r1i1p1_020101-020512.nc
cmip5,output1,NOAA-GFDL,GFDL-ESM2M,piControl,mon,atmos,Amon,r1i1p1,v20130214,tas,020601-021012,netcdf,/work/kd0956/CMIP5/data/cmip5/output1/NOAA-GFDL/GFDL-ESM2M/piControl/mon/atmos/Amon/r1i1p1/v20130214/tas/tas_Amon_GFDL-ESM2M_piControl_r1i1p1_020601-021012.nc
cmip5,output1,NOAA-GFDL,GFDL-ESM2M,piControl,mon,atmos,Amon,r1i1p1,v20130214,tas,021101-021512,netcdf,/work/kd0956/CMIP5/data/cmip5/output1/NOAA-GFDL/GFDL-ESM2M/piControl/mon/atmos/Amon/r1i1p1/v20130214/tas/tas_Amon_GFDL-ESM2M_piControl_r1i1p1_021101-021512.nc
cmip5,output1,NOAA-GFDL,GFDL-ESM2M,piControl,mon,atmos,Amon,r1i1p1,v20130214,tas,021601-022012,netcdf,/work/kd0956/CMIP5/data/cmip5/output1/NOAA-GFDL/GFDL-ESM2M/piControl/mon/atmos/Amon/r1i1p1/v20130214/tas/tas_Amon_GFDL-ESM2M_piControl_r1i1p1_021601-022012.nc
cmip5,output1,NOAA-GFDL,GFDL-ESM2M,piControl,mon,atmos,Amon,r1i1p1,v20130214,tas,022101-022512,netcdf,/work/kd0956/CMIP5/data/cmip5/output1/NOAA-GFDL/GFDL-ESM2M/piControl/mon/atmos/Amon/r1i1p1/v20130214/tas/tas_Amon_GFDL-ESM2M_piControl_r1i1p1_022101-022512.nc
cmip5,output1,NOAA-GFDL,GFDL-ESM2M,piControl,mon,atmos,Amon,r1i1p1,v20130214,tas,022601-023012,netcdf,/work/kd0956/CMIP5/data/cmip5/output1/NOAA-GFDL/GFDL-ESM2M/piControl/mon/atmos/Amon/r1i1p1/v20130214/tas/tas_Amon_GFDL-ESM2M_piControl_r1i1p1_022601-023012.nc
cmip5,output1,NOAA-GFDL,GFDL-ESM2M,piControl,mon,atmos,Amon,r1i1p1,v20130214,tas,023101-023512,netcdf,/work/kd0956/CMIP5/data/cmip5/output1/NOAA-GFDL/GFDL-ESM2M/piControl/mon/atmos/Amon/r1i1p1/v20130214/tas/tas_Amon_GFDL-ESM2M_piControl_r1i1p1_023101-023512.nc
cmip5,output1,NOAA-GFDL,GFDL-ESM2M,piControl,mon,atmos,Amon,r1i1p1,v20130214,tas,023601-024012,netcdf,/work/kd0956/CMIP5/data/cmip5/output1/NOAA-GFDL/GFDL-ESM2M/piControl/mon/atmos/Amon/r1i1p1/v20130214/tas/tas_Amon_GFDL-ESM2M_piControl_r1i1p1_023601-024012.nc
cmip5,output1,NOAA-GFDL,GFDL-ESM2M,piControl,mon,atmos,Amon,r1i1p1,v20130214,tas,024101-024512,netcdf,/work/kd0956/CMIP5/data/cmip5/output1/NOAA-GFDL/GFDL-ESM2M/piControl/mon/atmos/Amon/r1i1p1/v20130214/tas/tas_Amon_GFDL-ESM2M_piControl_r1i1p1_024101-024512.nc
cmip5,output1,NOAA-GFDL,GFDL-ESM2M,piControl,mon,atmos,Amon,r1i1p1,v20130214,tas,024601-025012,netcdf,/work/kd0956/CMIP5/data/cmip5/output1/NOAA-GFDL/GFDL-ESM2M/piControl/mon/atmos/Amon/r1i1p1/v20130214/tas/tas_Amon_GFDL-ESM2M_piControl_r1i1p1_024601-025012.nc
cmip5,output1,NOAA-GFDL,GFDL-ESM2M,piControl,mon,atmos,Amon,r1i1p1,v20130214,tas,025101-025512,netcdf,/work/kd0956/CMIP5/data/cmip5/output1/NOAA-GFDL/GFDL-ESM2M/piControl/mon/atmos/Amon/r1i1p1/v20130214/tas/tas_Amon_GFDL-ESM2M_piControl_r1i1p1_025101-025512.nc
cmip5,output1,NOAA-GFDL,GFDL-ESM2M,piControl,mon,atmos,Amon,r1i1p1,v20130214,tas,025601-026012,netcdf,/work/kd0956/CMIP5/data/cmip5/output1/NOAA-GFDL/GFDL-ESM2M/piControl/mon/atmos/Amon/r1i1p1/v20130214/tas/tas_Amon_GFDL-ESM2M_piControl_r1i1p1_025601-026012.nc
cmip5,output1,NOAA-GFDL,GFDL-ESM2M,piControl,mon,atmos,Amon,r1i1p1,v20130214,tas,026101-026512,netcdf,/work/kd0956/CMIP5/data/cmip5/output1/NOAA-GFDL/GFDL-ESM2M/piControl/mon/atmos/Amon/r1i1p1/v20130214/tas/tas_Amon_GFDL-ESM2M_piControl_r1i1p1_026101-026512.nc
cmip5,output1,NOAA-GFDL,GFDL-ESM2M,piControl,mon,atmos,Amon,r1i1p1,v20130214,tas,026601-027012,netcdf,/work/kd0956/CMIP5/data/cmip5/output1/NOAA-GFDL/GFDL-ESM2M/piControl/mon/atmos/Amon/r1i1p1/v20130214/tas/tas_Amon_GFDL-ESM2M_piControl_r1i1p1_026601-027012.nc
cmip5,output1,NOAA-GFDL,GFDL-ESM2M,piControl,mon,atmos,Amon,r1i1p1,v20130214,tas,027101-027512,netcdf,/work/kd0956/CMIP5/data/cmip5/output1/NOAA-GFDL/GFDL-ESM2M/piControl/mon/atmos/Amon/r1i1p1/v20130214/tas/tas_Amon_GFDL-ESM2M_piControl_r1i1p1_027101-027512.nc
cmip5,output1,NOAA-GFDL,GFDL-ESM2M,piControl,mon,atmos,Amon,r1i1p1,v20130214,tas,027601-028012,netcdf,/work/kd0956/CMIP5/data/cmip5/output1/NOAA-GFDL/GFDL-ESM2M/piControl/mon/atmos/Amon/r1i1p1/v20130214/tas/tas_Amon_GFDL-ESM2M_piControl_r1i1p1_027601-028012.nc
cmip5,output1,NOAA-GFDL,GFDL-ESM2M,piControl,mon,atmos,Amon,r1i1p1,v20130214,tas,028101-028512,netcdf,/work/kd0956/CMIP5/data/cmip5/output1/NOAA-GFDL/GFDL-ESM2M/piControl/mon/atmos/Amon/r1i1p1/v20130214/tas/tas_Amon_GFDL-ESM2M_piControl_r1i1p1_028101-028512.nc
cmip5,output1,NOAA-GFDL,GFDL-ESM2M,piControl,mon,atmos,Amon,r1i1p1,v20130214,tas,028601-029012,netcdf,/work/kd0956/CMIP5/data/cmip5/output1/NOAA-GFDL/GFDL-ESM2M/piControl/mon/atmos/Amon/r1i1p1/v20130214/tas/tas_Amon_GFDL-ESM2M_piControl_r1i1p1_028601-029012.nc
cmip5,output1,NOAA-GFDL,GFDL-ESM2M,piControl,mon,atmos,Amon,r1i1p1,v20130214,tas,029101-029512,netcdf,/work/kd0956/CMIP5/data/cmip5/output1/NOAA-GFDL/GFDL-ESM2M/piControl/mon/atmos/Amon/r1i1p1/v20130214/tas/tas_Amon_GFDL-ESM2M_piControl_r1i1p1_029101-029512.nc
cmip5,output1,NOAA-GFDL,GFDL-ESM2M,piControl,mon,atmos,Amon,r1i1p1,v20130214,tas,029601-030012,netcdf,/work/kd0956/CMIP5/data/cmip5/output1/NOAA-GFDL/GFDL-ESM2M/piControl/mon/atmos/Amon/r1i1p1/v20130214/tas/tas_Amon_GFDL-ESM2M_piControl_r1i1p1_029601-030012.nc
cmip5,output1,NOAA-GFDL,GFDL-ESM2M,piControl,mon,atmos,Amon,r1i1p1,v20130214,tas,030101-030512,netcdf,/work/kd0956/CMIP5/data/cmip5/output1/NOAA-GFDL/GFDL-ESM2M/piControl/mon/atmos/Amon/r1i1p1/v20130214/tas/tas_Amon_GFDL-ESM2M_piControl_r1i1p1_030101-030512.nc
cmip5,output1,NOAA-GFDL,GFDL-ESM2M,piControl,mon,atmos,Amon,r1i1p1,v20130214,tas,030601-031012,netcdf,/work/kd0956/CMIP5/data/cmip5/output1/NOAA-GFDL/GFDL-ESM2M/piControl/mon/atmos/Amon/r1i1p1/v20130214/tas/tas_Amon_GFDL-ESM2M_piControl_r1i1p1_030601-031012.nc
cmip5,output1,NOAA-GFDL,GFDL-ESM2M,piControl,mon,atmos,Amon,r1i1p1,v20130214,tas,031101-031512,netcdf,/work/kd0956/CMIP5/data/cmip5/output1/NOAA-GFDL/GFDL-ESM2M/piControl/mon/atmos/Amon/r1i1p1/v20130214/tas/tas_Amon_GFDL-ESM2M_piControl_r1i1p1_031101-031512.nc
cmip5,output1,NOAA-GFDL,GFDL-ESM2M,piControl,mon,atmos,Amon,r1i1p1,v20130214,tas,031601-032012,netcdf,/work/kd0956/CMIP5/data/cmip5/output1/NOAA-GFDL/GFDL-ESM2M/piControl/mon/atmos/Amon/r1i1p1/v20130214/tas/tas_Amon_GFDL-ESM2M_piControl_r1i1p1_031601-032012.nc
cmip5,output1,NOAA-GFDL,GFDL-ESM2M,piControl,mon,atmos,Amon,r1i1p1,v20130214,tas,032101-032512,netcdf,/work/kd0956/CMIP5/data/cmip5/output1/NOAA-GFDL/GFDL-ESM2M/piControl/mon/atmos/Amon/r1i1p1/v20130214/tas/tas_Amon_GFDL-ESM2M_piControl_r1i1p1_032101-032512.nc
cmip5,output1,NOAA-GFDL,GFDL-ESM2M,piControl,mon,atmos,Amon,r1i1p1,v20130214,tas,032601-033012,netcdf,/work/kd0956/CMIP5/data/cmip5/output1/NOAA-GFDL/GFDL-ESM2M/piControl/mon/atmos/Amon/r1i1p1/v20130214/tas/tas_Amon_GFDL-ESM2M_piControl_r1i1p1_032601-033012.nc
cmip5,output1,NOAA-GFDL,GFDL-ESM2M,piControl,mon,atmos,Amon,r1i1p1,v20130214,tas,033101-033512,netcdf,/work/kd0956/CMIP5/data/cmip5/output1/NOAA-GFDL/GFDL-ESM2M/piControl/mon/atmos/Amon/r1i1p1/v20130214/tas/tas_Amon_GFDL-ESM2M_piControl_r1i1p1_033101-033512.nc
cmip5,output1,NOAA-GFDL,GFDL-ESM2M,piControl,mon,atmos,Amon,r1i1p1,v20130214,tas,033601-034012,netcdf,/work/kd0956/CMIP5/data/cmip5/output1/NOAA-GFDL/GFDL-ESM2M/piControl/mon/atmos/Amon/r1i1p1/v20130214/tas/tas_Amon_GFDL-ESM2M_piControl_r1i1p1_033601-034012.nc
cmip5,output1,NOAA-GFDL,GFDL-ESM2M,piControl,mon,atmos,Amon,r1i1p1,v20130214,tas,034101-034512,netcdf,/work/kd0956/CMIP5/data/cmip5/output1/NOAA-GFDL/GFDL-ESM2M/piControl/mon/atmos/Amon/r1i1p1/v20130214/tas/tas_Amon_GFDL-ESM2M_piControl_r1i1p1_034101-034512.nc
cmip5,output1,NOAA-GFDL,GFDL-ESM2M,piControl,mon,atmos,Amon,r1i1p1,v20130214,tas,034601-035012,netcdf,/work/kd0956/CMIP5/data/cmip5/output1/NOAA-GFDL/GFDL-ESM2M/piControl/mon/atmos/Amon/r1i1p1/v20130214/tas/tas_Amon_GFDL-ESM2M_piControl_r1i1p1_034601-035012.nc
cmip5,output1,NOAA-GFDL,GFDL-ESM2M,piControl,mon,atmos,Amon,r1i1p1,v20130214,tas,035101-035512,netcdf,/work/kd0956/CMIP5/data/cmip5/output1/NOAA-GFDL/GFDL-ESM2M/piControl/mon/atmos/Amon/r1i1p1/v20130214/tas/tas_Amon_GFDL-ESM2M_piControl_r1i1p1_035101-035512.nc
cmip5,output1,NOAA-GFDL,GFDL-ESM2M,piControl,mon,atmos,Amon,r1i1p1,v20130214,tas,035601-036012,netcdf,/work/kd0956/CMIP5/data/cmip5/output1/NOAA-GFDL/GFDL-ESM2M/piControl/mon/atmos/Amon/r1i1p1/v20130214/tas/tas_Amon_GFDL-ESM2M_piControl_r1i1p1_035601-036012.nc
cmip5,output1,NOAA-GFDL,GFDL-ESM2M,piControl,mon,atmos,Amon,r1i1p1,v20130214,tas,036101-036512,netcdf,/work/kd0956/CMIP5/data/cmip5/output1/NOAA-GFDL/GFDL-ESM2M/piControl/mon/atmos/Amon/r1i1p1/v20130214/tas/tas_Amon_GFDL-ESM2M_piControl_r1i1p1_036101-036512.nc
cmip5,output1,NOAA-GFDL,GFDL-ESM2M,piControl,mon,atmos,Amon,r1i1p1,v20130214,tas,036601-037012,netcdf,/work/kd0956/CMIP5/data/cmip5/output1/NOAA-GFDL/GFDL-ESM2M/piControl/mon/atmos/Amon/r1i1p1/v20130214/tas/tas_Amon_GFDL-ESM2M_piControl_r1i1p1_036601-037012.nc
cmip5,output1,NOAA-GFDL,GFDL-ESM2M,piControl,mon,atmos,Amon,r1i1p1,v20130214,tas,037101-037512,netcdf,/work/kd0956/CMIP5/data/cmip5/output1/NOAA-GFDL/GFDL-ESM2M/piControl/mon/atmos/Amon/r1i1p1/v20130214/tas/tas_Amon_GFDL-ESM2M_piControl_r1i1p1_037101-037512.nc
cmip5,output1,NOAA-GFDL,GFDL-ESM2M,piControl,mon,atmos,Amon,r1i1p1,v20130214,tas,037601-038012,netcdf,/work/kd0956/CMIP5/data/cmip5/output1/NOAA-GFDL/GFDL-ESM2M/piControl/mon/atmos/Amon/r1i1p1/v20130214/tas/tas_Amon_GFDL-ESM2M_piControl_r1i1p1_037601-038012.nc
cmip5,output1,NOAA-GFDL,GFDL-ESM2M,piControl,mon,atmos,Amon,r1i1p1,v20130214,tas,038101-038512,netcdf,/work/kd0956/CMIP5/data/cmip5/output1/NOAA-GFDL/GFDL-ESM2M/piControl/mon/atmos/Amon/r1i1p1/v20130214/tas/tas_Amon_GFDL-ESM2M_piControl_r1i1p1_038101-038512.nc
cmip5,output1,NOAA-GFDL,GFDL-ESM2M,piControl,mon,atmos,Amon,r1i1p1,v20130214,tas,038601-039012,netcdf,/work/kd0956/CMIP5/data/cmip5/output1/NOAA-GFDL/GFDL-ESM2M/piControl/mon/atmos/Amon/r1i1p1/v20130214/tas/tas_Amon_GFDL-ESM2M_piControl_r1i1p1_038601-039012.nc
cmip5,output1,NOAA-GFDL,GFDL-ESM2M,piControl,mon,atmos,Amon,r1i1p1,v20130214,tas,039101-039512,netcdf,/work/kd0956/CMIP5/data/cmip5/output1/NOAA-GFDL/GFDL-ESM2M/piControl/mon/atmos/Amon/r1i1p1/v20130214/tas/tas_Amon_GFDL-ESM2M_piControl_r1i1p1_039101-039512.nc
cmip5,output1,NOAA-GFDL,GFDL-ESM2M,piControl,mon,atmos,Amon,r1i1p1,v20130214,tas,039601-040012,netcdf,/work/kd0956/CMIP5/data/cmip5/output1/NOAA-GFDL/GFDL-ESM2M/piControl/mon/atmos/Amon/r1i1p1/v20130214/tas/tas_Amon_GFDL-ESM2M_piControl_r1i1p1_039601-040012.nc
cmip5,output1,NOAA-GFDL,GFDL-ESM2M,piControl,mon,atmos,Amon,r1i1p1,v20130214,tas,040101-040512,netcdf,/work/kd0956/CMIP5/data/cmip5/output1/NOAA-GFDL/GFDL-ESM2M/piControl/mon/atmos/Amon/r1i1p1/v20130214/tas/tas_Amon_GFDL-ESM2M_piControl_r1i1p1_040101-040512.nc
cmip5,output1,NOAA-GFDL,GFDL-ESM2M,piControl,mon,atmos,Amon,r1i1p1,v20130214,tas,040601-041012,netcdf,/work/kd0956/CMIP5/data/cmip5/output1/NOAA-GFDL/GFDL-ESM2M/piControl/mon/atmos/Amon/r1i1p1/v20130214/tas/tas_Amon_GFDL-ESM2M_piControl_r1i1p1_040601-041012.nc
cmip5,output1,NOAA-GFDL,GFDL-ESM2M,piControl,mon,atmos,Amon,r1i1p1,v20130214,tas,041101-041512,netcdf,/work/kd0956/CMIP5/data/cmip5/output1/NOAA-GFDL/GFDL-ESM2M/piControl/mon/atmos/Amon/r1i1p1/v20130214/tas/tas_Amon_GFDL-ESM2M_piControl_r1i1p1_041101-041512.nc
cmip5,output1,NOAA-GFDL,GFDL-ESM2M,piControl,mon,atmos,Amon,r1i1p1,v20130214,tas,041601-042012,netcdf,/work/kd0956/CMIP5/data/cmip5/output1/NOAA-GFDL/GFDL-ESM2M/piControl/mon/atmos/Amon/r1i1p1/v20130214/tas/tas_Amon_GFDL-ESM2M_piControl_r1i1p1_041601-042012.nc
cmip5,output1,NOAA-GFDL,GFDL-ESM2M,piControl,mon,atmos,Amon,r1i1p1,v20130214,tas,042101-042512,netcdf,/work/kd0956/CMIP5/data/cmip5/output1/NOAA-GFDL/GFDL-ESM2M/piControl/mon/atmos/Amon/r1i1p1/v20130214/tas/tas_Amon_GFDL-ESM2M_piControl_r1i1p1_042101-042512.nc
cmip5,output1,NOAA-GFDL,GFDL-ESM2M,piControl,mon,atmos,Amon,r1i1p1,v20130214,tas,042601-043012,netcdf,/work/kd0956/CMIP5/data/cmip5/output1/NOAA-GFDL/GFDL-ESM2M/piControl/mon/atmos/Amon/r1i1p1/v20130214/tas/tas_Amon_GFDL-ESM2M_piControl_r1i1p1_042601-043012.nc
cmip5,output1,NOAA-GFDL,GFDL-ESM2M,piControl,mon,atmos,Amon,r1i1p1,v20130214,tas,043101-043512,netcdf,/work/kd0956/CMIP5/data/cmip5/output1/NOAA-GFDL/GFDL-ESM2M/piControl/mon/atmos/Amon/r1i1p1/v20130214/tas/tas_Amon_GFDL-ESM2M_piControl_r1i1p1_043101-043512.nc
cmip5,output1,NOAA-GFDL,GFDL-ESM2M,piControl,mon,atmos,Amon,r1i1p1,v20130214,tas,043601-044012,netcdf,/work/kd0956/CMIP5/data/cmip5/output1/NOAA-GFDL/GFDL-ESM2M/piControl/mon/atmos/Amon/r1i1p1/v20130214/tas/tas_Amon_GFDL-ESM2M_piControl_r1i1p1_043601-044012.nc
cmip5,output1,NOAA-GFDL,GFDL-ESM2M,piControl,mon,atmos,Amon,r1i1p1,v20130214,tas,044101-044512,netcdf,/work/kd0956/CMIP5/data/cmip5/output1/NOAA-GFDL/GFDL-ESM2M/piControl/mon/atmos/Amon/r1i1p1/v20130214/tas/tas_Amon_GFDL-ESM2M_piControl_r1i1p1_044101-044512.nc
cmip5,output1,NOAA-GFDL,GFDL-ESM2M,piControl,mon,atmos,Amon,r1i1p1,v20130214,tas,044601-045012,netcdf,/work/kd0956/CMIP5/data/cmip5/output1/NOAA-GFDL/GFDL-ESM2M/piControl/mon/atmos/Amon/r1i1p1/v20130214/tas/tas_Amon_GFDL-ESM2M_piControl_r1i1p1_044601-045012.nc
cmip5,output1,NOAA-GFDL,GFDL-ESM2M,piControl,mon,atmos,Amon,r1i1p1,v20130214,tas,045101-045512,netcdf,/work/kd0956/CMIP5/data/cmip5/output1/NOAA-GFDL/GFDL-ESM2M/piControl/mon/atmos/Amon/r1i1p1/v20130214/tas/tas_Amon_GFDL-ESM2M_piControl_r1i1p1_045101-045512.nc
cmip5,output1,NOAA-GFDL,GFDL-ESM2M,piControl,mon,atmos,Amon,r1i1p1,v20130214,tas,045601-046012,netcdf,/work/kd0956/CMIP5/data/cmip5/output1/NOAA-GFDL/GFDL-ESM2M/piControl/mon/atmos/Amon/r1i1p1/v20130214/tas/tas_Amon_GFDL-ESM2M_piControl_r1i1p1_045601-046012.nc
cmip5,output1,NOAA-GFDL,GFDL-ESM2M,piControl,mon,atmos,Amon,r1i1p1,v20130214,tas,046101-046512,netcdf,/work/kd0956/CMIP5/data/cmip5/output1/NOAA-GFDL/GFDL-ESM2M/piControl/mon/atmos/Amon/r1i1p1/v20130214/tas/tas_Amon_GFDL-ESM2M_piControl_r1i1p1_046101-046512.nc
cmip5,output1,NOAA-GFDL,GFDL-ESM2M,piControl,mon,atmos,Amon,r1i1p1,v20130214,tas,046601-047012,netcdf,/work/kd0956/CMIP5/data/cmip5/output1/NOAA-GFDL/GFDL-ESM2M/piControl/mon/atmos/Amon/r1i1p1/v20130214/tas/tas_Amon_GFDL-ESM2M_piControl_r1i1p1_046601-047012.nc
cmip5,output1,NOAA-GFDL,GFDL-ESM2M,piControl,mon,atmos,Amon,r1i1p1,v20130214,tas,047101-047512,netcdf,/work/kd0956/CMIP5/data/cmip5/output1/NOAA-GFDL/GFDL-ESM2M/piControl/mon/atmos/Amon/r1i1p1/v20130214/tas/tas_Amon_GFDL-ESM2M_piControl_r1i1p1_047101-047512.nc
cmip5,output1,NOAA-GFDL,GFDL-ESM2M,piControl,mon,atmos,Amon,r1i1p1,v20130214,tas,047601-048012,netcdf,/work/kd0956/CMIP5/data/cmip5/output1/NOAA-GFDL/GFDL-ESM2M/piControl/mon/atmos/Amon/r1i1p1/v20130214/tas/tas_Amon_GFDL-ESM2M_piControl_r1i1p1_047601-048012.nc
cmip5,output1,NOAA-GFDL,GFDL-ESM2M,piControl,mon,atmos,Amon,r1i1p1,v20130214,tas,048101-048512,netcdf,/work/kd0956/CMIP5/data/cmip5/output1/NOAA-GFDL/GFDL-ESM2M/piControl/mon/atmos/Amon/r1i1p1/v20130214/tas/tas_Amon_GFDL-ESM2M_piControl_r1i1p1_048101-048512.nc
cmip5,output1,NOAA-GFDL,GFDL-ESM2M,piControl,mon,atmos,Amon,r1i1p1,v20130214,tas,048601-049012,netcdf,/work/kd0956/CMIP5/data/cmip5/output1/NOAA-GFDL/GFDL-ESM2M/piControl/mon/atmos/Amon/r1i1p1/v20130214/tas/tas_Amon_GFDL-ESM2M_piControl_r1i1p1_048601-049012.nc
cmip5,output1,NOAA-GFDL,GFDL-ESM2M,piControl,mon,atmos,Amon,r1i1p1,v20130214,tas,049101-049512,netcdf,/work/kd0956/CMIP5/data/cmip5/output1/NOAA-GFDL/GFDL-ESM2M/piControl/mon/atmos/Amon/r1i1p1/v20130214/tas/tas_Amon_GFDL-ESM2M_piControl_r1i1p1_049101-049512.nc
cmip5,output1,NOAA-GFDL,GFDL-ESM2M,piControl,mon,atmos,Amon,r1i1p1,v20130214,tas,049601-050012,netcdf,/work/kd0956/CMIP5/data/cmip5/output1/NOAA-GFDL/GFDL-ESM2M/piControl/mon/atmos/Amon/r1i1p1/v20130214/tas/tas_Amon_GFDL-ESM2M_piControl_r1i1p1_049601-050012.nc
cmip5,output1,NASA-GISS,GISS-E2-H,piControl,mon,atmos,Amon,r1i1p1,v20121128,tas,118001-122912,netcdf,/work/kd0956/CMIP5/data/cmip5/output1/NASA-GISS/GISS-E2-H/piControl/mon/atmos/Amon/r1i1p1/v20121128/tas/tas_Amon_GISS-E2-H_piControl_r1i1p1_118001-122912.nc
cmip5,output1,NASA-GISS,GISS-E2-H,piControl,mon,atmos,Amon,r1i1p1,v20121128,tas,123001-127912,netcdf,/work/kd0956/CMIP5/data/cmip5/output1/NASA-GISS/GISS-E2-H/piControl/mon/atmos/Amon/r1i1p1/v20121128/tas/tas_Amon_GISS-E2-H_piControl_r1i1p1_123001-127912.nc
cmip5,output1,NASA-GISS,GISS-E2-H,piControl,mon,atmos,Amon,r1i1p1,v20121128,tas,128001-132912,netcdf,/work/kd0956/CMIP5/data/cmip5/output1/NASA-GISS/GISS-E2-H/piControl/mon/atmos/Amon/r1i1p1/v20121128/tas/tas_Amon_GISS-E2-H_piControl_r1i1p1_128001-132912.nc
cmip5,output1,NASA-GISS,GISS-E2-H,piControl,mon,atmos,Amon,r1i1p1,v20121128,tas,133001-137912,netcdf,/work/kd0956/CMIP5/data/cmip5/output1/NASA-GISS/GISS-E2-H/piControl/mon/atmos/Amon/r1i1p1/v20121128/tas/tas_Amon_GISS-E2-H_piControl_r1i1p1_133001-137912.nc
cmip5,output1,NASA-GISS,GISS-E2-H,piControl,mon,atmos,Amon,r1i1p1,v20121128,tas,138001-141912,netcdf,/work/kd0956/CMIP5/data/cmip5/output1/NASA-GISS/GISS-E2-H/piControl/mon/atmos/Amon/r1i1p1/v20121128/tas/tas_Amon_GISS-E2-H_piControl_r1i1p1_138001-141912.nc
cmip5,output1,NASA-GISS,GISS-E2-H,piControl,mon,atmos,Amon,r1i1p1,v20121128,tas,241001-245912,netcdf,/work/kd0956/CMIP5/data/cmip5/output1/NASA-GISS/GISS-E2-H/piControl/mon/atmos/Amon/r1i1p1/v20121128/tas/tas_Amon_GISS-E2-H_piControl_r1i1p1_241001-245912.nc
cmip5,output1,NASA-GISS,GISS-E2-H,piControl,mon,atmos,Amon,r1i1p1,v20121128,tas,246001-250912,netcdf,/work/kd0956/CMIP5/data/cmip5/output1/NASA-GISS/GISS-E2-H/piControl/mon/atmos/Amon/r1i1p1/v20121128/tas/tas_Amon_GISS-E2-H_piControl_r1i1p1_246001-250912.nc
cmip5,output1,NASA-GISS,GISS-E2-H,piControl,mon,atmos,Amon,r1i1p1,v20121128,tas,251001-255912,netcdf,/work/kd0956/CMIP5/data/cmip5/output1/NASA-GISS/GISS-E2-H/piControl/mon/atmos/Amon/r1i1p1/v20121128/tas/tas_Amon_GISS-E2-H_piControl_r1i1p1_251001-255912.nc
cmip5,output1,NASA-GISS,GISS-E2-H,piControl,mon,atmos,Amon,r1i1p1,v20121128,tas,256001-260912,netcdf,/work/kd0956/CMIP5/data/cmip5/output1/NASA-GISS/GISS-E2-H/piControl/mon/atmos/Amon/r1i1p1/v20121128/tas/tas_Amon_GISS-E2-H_piControl_r1i1p1_256001-260912.nc
cmip5,output1,NASA-GISS,GISS-E2-H,piControl,mon,atmos,Amon,r1i1p1,v20121128,tas,261001-264912,netcdf,/work/kd0956/CMIP5/data/cmip5/output1/NASA-GISS/GISS-E2-H/piControl/mon/atmos/Amon/r1i1p1/v20121128/tas/tas_Amon_GISS-E2-H_piControl_r1i1p1_261001-264912.nc
cmip5,output1,NASA-GISS,GISS-E2-H,piControl,mon,atmos,Amon,r1i1p1,v20121128,tas,265001-269912,netcdf,/work/kd0956/CMIP5/data/cmip5/output1/NASA-GISS/GISS-E2-H/piControl/mon/atmos/Amon/r1i1p1/v20121128/tas/tas_Amon_GISS-E2-H_piControl_r1i1p1_265001-269912.nc
cmip5,output1,NASA-GISS,GISS-E2-H,piControl,mon,atmos,Amon,r1i1p1,v20121128,tas,270001-274912,netcdf,/work/kd0956/CMIP5/data/cmip5/output1/NASA-GISS/GISS-E2-H/piControl/mon/atmos/Amon/r1i1p1/v20121128/tas/tas_Amon_GISS-E2-H_piControl_r1i1p1_270001-274912.nc
cmip5,output1,NASA-GISS,GISS-E2-H,piControl,mon,atmos,Amon,r1i1p1,v20121128,tas,275001-279912,netcdf,/work/kd0956/CMIP5/data/cmip5/output1/NASA-GISS/GISS-E2-H/piControl/mon/atmos/Amon/r1i1p1/v20121128/tas/tas_Amon_GISS-E2-H_piControl_r1i1p1_275001-279912.nc
cmip5,output1,NASA-GISS,GISS-E2-H,piControl,mon,atmos,Amon,r1i1p1,v20121128,tas,280001-284912,netcdf,/work/kd0956/CMIP5/data/cmip5/output1/NASA-GISS/GISS-E2-H/piControl/mon/atmos/Amon/r1i1p1/v20121128/tas/tas_Amon_GISS-E2-H_piControl_r1i1p1_280001-284912.nc
cmip5,output1,NASA-GISS,GISS-E2-H,piControl,mon,atmos,Amon,r1i1p1,v20121128,tas,285001-289912,netcdf,/work/kd0956/CMIP5/data/cmip5/output1/NASA-GISS/GISS-E2-H/piControl/mon/atmos/Amon/r1i1p1/v20121128/tas/tas_Amon_GISS-E2-H_piControl_r1i1p1_285001-289912.nc
cmip5,output1,NASA-GISS,GISS-E2-H,piControl,mon,atmos,Amon,r1i1p1,v20121128,tas,290001-294912,netcdf,/work/kd0956/CMIP5/data/cmip5/output1/NASA-GISS/GISS-E2-H/piControl/mon/atmos/Amon/r1i1p1/v20121128/tas/tas_Amon_GISS-E2-H_piControl_r1i1p1_290001-294912.nc
cmip5,output1,NASA-GISS,GISS-E2-R,piControl,mon,atmos,Amon,r1i1p1,v20121017,tas,333101-335512,netcdf,/work/kd0956/CMIP5/data/cmip5/output1/NASA-GISS/GISS-E2-R/piControl/mon/atmos/Amon/r1i1p1/v20121017/tas/tas_Amon_GISS-E2-R_piControl_r1i1p1_333101-335512.nc
cmip5,output1,NASA-GISS,GISS-E2-R,piControl,mon,atmos,Amon,r1i1p1,v20121017,tas,335601-338012,netcdf,/work/kd0956/CMIP5/data/cmip5/output1/NASA-GISS/GISS-E2-R/piControl/mon/atmos/Amon/r1i1p1/v20121017/tas/tas_Amon_GISS-E2-R_piControl_r1i1p1_335601-338012.nc
cmip5,output1,NASA-GISS,GISS-E2-R,piControl,mon,atmos,Amon,r1i1p1,v20121017,tas,338101-340512,netcdf,/work/kd0956/CMIP5/data/cmip5/output1/NASA-GISS/GISS-E2-R/piControl/mon/atmos/Amon/r1i1p1/v20121017/tas/tas_Amon_GISS-E2-R_piControl_r1i1p1_338101-340512.nc
cmip5,output1,NASA-GISS,GISS-E2-R,piControl,mon,atmos,Amon,r1i1p1,v20121017,tas,340601-343012,netcdf,/work/kd0956/CMIP5/data/cmip5/output1/NASA-GISS/GISS-E2-R/piControl/mon/atmos/Amon/r1i1p1/v20121017/tas/tas_Amon_GISS-E2-R_piControl_r1i1p1_340601-343012.nc
cmip5,output1,NASA-GISS,GISS-E2-R,piControl,mon,atmos,Amon,r1i1p1,v20121017,tas,343101-345512,netcdf,/work/kd0956/CMIP5/data/cmip5/output1/NASA-GISS/GISS-E2-R/piControl/mon/atmos/Amon/r1i1p1/v20121017/tas/tas_Amon_GISS-E2-R_piControl_r1i1p1_343101-345512.nc
cmip5,output1,NASA-GISS,GISS-E2-R,piControl,mon,atmos,Amon,r1i1p1,v20121017,tas,345601-348012,netcdf,/work/kd0956/CMIP5/data/cmip5/output1/NASA-GISS/GISS-E2-R/piControl/mon/atmos/Amon/r1i1p1/v20121017/tas/tas_Amon_GISS-E2-R_piControl_r1i1p1_345601-348012.nc
cmip5,output1,NASA-GISS,GISS-E2-R,piControl,mon,atmos,Amon,r1i1p1,v20121017,tas,348101-350512,netcdf,/work/kd0956/CMIP5/data/cmip5/output1/NASA-GISS/GISS-E2-R/piControl/mon/atmos/Amon/r1i1p1/v20121017/tas/tas_Amon_GISS-E2-R_piControl_r1i1p1_348101-350512.nc
cmip5,output1,NASA-GISS,GISS-E2-R,piControl,mon,atmos,Amon,r1i1p1,v20121017,tas,350601-353012,netcdf,/work/kd0956/CMIP5/data/cmip5/output1/NASA-GISS/GISS-E2-R/piControl/mon/atmos/Amon/r1i1p1/v20121017/tas/tas_Amon_GISS-E2-R_piControl_r1i1p1_350601-353012.nc
cmip5,output1,NASA-GISS,GISS-E2-R,piControl,mon,atmos,Amon,r1i1p1,v20121017,tas,353101-355512,netcdf,/work/kd0956/CMIP5/data/cmip5/output1/NASA-GISS/GISS-E2-R/piControl/mon/atmos/Amon/r1i1p1/v20121017/tas/tas_Amon_GISS-E2-R_piControl_r1i1p1_353101-355512.nc
cmip5,output1,NASA-GISS,GISS-E2-R,piControl,mon,atmos,Amon,r1i1p1,v20121017,tas,355601-358012,netcdf,/work/kd0956/CMIP5/data/cmip5/output1/NASA-GISS/GISS-E2-R/piControl/mon/atmos/Amon/r1i1p1/v20121017/tas/tas_Amon_GISS-E2-R_piControl_r1i1p1_355601-358012.nc
cmip5,output1,NASA-GISS,GISS-E2-R,piControl,mon,atmos,Amon,r1i1p1,v20121017,tas,358101-360512,netcdf,/work/kd0956/CMIP5/data/cmip5/output1/NASA-GISS/GISS-E2-R/piControl/mon/atmos/Amon/r1i1p1/v20121017/tas/tas_Amon_GISS-E2-R_piControl_r1i1p1_358101-360512.nc
cmip5,output1,NASA-GISS,GISS-E2-R,piControl,mon,atmos,Amon,r1i1p1,v20121017,tas,360601-363012,netcdf,/work/kd0956/CMIP5/data/cmip5/output1/NASA-GISS/GISS-E2-R/piControl/mon/atmos/Amon/r1i1p1/v20121017/tas/tas_Amon_GISS-E2-R_piControl_r1i1p1_360601-363012.nc
cmip5,output1,NASA-GISS,GISS-E2-R,piControl,mon,atmos,Amon,r1i1p1,v20121017,tas,398101-400512,netcdf,/work/kd0956/CMIP5/data/cmip5/output1/NASA-GISS/GISS-E2-R/piControl/mon/atmos/Amon/r1i1p1/v20121017/tas/tas_Amon_GISS-E2-R_piControl_r1i1p1_398101-400512.nc
cmip5,output1,NASA-GISS,GISS-E2-R,piControl,mon,atmos,Amon,r1i1p1,v20121017,tas,400601-403012,netcdf,/work/kd0956/CMIP5/data/cmip5/output1/NASA-GISS/GISS-E2-R/piControl/mon/atmos/Amon/r1i1p1/v20121017/tas/tas_Amon_GISS-E2-R_piControl_r1i1p1_400601-403012.nc
cmip5,output1,NASA-GISS,GISS-E2-R,piControl,mon,atmos,Amon,r1i1p1,v20121017,tas,403101-405512,netcdf,/work/kd0956/CMIP5/data/cmip5/output1/NASA-GISS/GISS-E2-R/piControl/mon/atmos/Amon/r1i1p1/v20121017/tas/tas_Amon_GISS-E2-R_piControl_r1i1p1_403101-405512.nc
cmip5,output1,NASA-GISS,GISS-E2-R,piControl,mon,atmos,Amon,r1i1p1,v20121017,tas,405601-408012,netcdf,/work/kd0956/CMIP5/data/cmip5/output1/NASA-GISS/GISS-E2-R/piControl/mon/atmos/Amon/r1i1p1/v20121017/tas/tas_Amon_GISS-E2-R_piControl_r1i1p1_405601-408012.nc
cmip5,output1,NASA-GISS,GISS-E2-R,piControl,mon,atmos,Amon,r1i1p1,v20121017,tas,408101-410512,netcdf,/work/kd0956/CMIP5/data/cmip5/output1/NASA-GISS/GISS-E2-R/piControl/mon/atmos/Amon/r1i1p1/v20121017/tas/tas_Amon_GISS-E2-R_piControl_r1i1p1_408101-410512.nc
cmip5,output1,NASA-GISS,GISS-E2-R,piControl,mon,atmos,Amon,r1i1p1,v20121017,tas,410601-413012,netcdf,/work/kd0956/CMIP5/data/cmip5/output1/NASA-GISS/GISS-E2-R/piControl/mon/atmos/Amon/r1i1p1/v20121017/tas/tas_Amon_GISS-E2-R_piControl_r1i1p1_410601-413012.nc
cmip5,output1,NASA-GISS,GISS-E2-R,piControl,mon,atmos,Amon,r1i1p1,v20121017,tas,413101-415512,netcdf,/work/kd0956/CMIP5/data/cmip5/output1/NASA-GISS/GISS-E2-R/piControl/mon/atmos/Amon/r1i1p1/v20121017/tas/tas_Amon_GISS-E2-R_piControl_r1i1p1_413101-415512.nc
cmip5,output1,NASA-GISS,GISS-E2-R,piControl,mon,atmos,Amon,r1i1p1,v20121017,tas,415601-418012,netcdf,/work/kd0956/CMIP5/data/cmip5/output1/NASA-GISS/GISS-E2-R/piControl/mon/atmos/Amon/r1i1p1/v20121017/tas/tas_Amon_GISS-E2-R_piControl_r1i1p1_415601-418012.nc
cmip5,output1,NASA-GISS,GISS-E2-R,piControl,mon,atmos,Amon,r1i1p1,v20121017,tas,418101-420512,netcdf,/work/kd0956/CMIP5/data/cmip5/output1/NASA-GISS/GISS-E2-R/piControl/mon/atmos/Amon/r1i1p1/v20121017/tas/tas_Amon_GISS-E2-R_piControl_r1i1p1_418101-420512.nc
cmip5,output1,NASA-GISS,GISS-E2-R,piControl,mon,atmos,Amon,r1i1p1,v20121017,tas,420601-423012,netcdf,/work/kd0956/CMIP5/data/cmip5/output1/NASA-GISS/GISS-E2-R/piControl/mon/atmos/Amon/r1i1p1/v20121017/tas/tas_Amon_GISS-E2-R_piControl_r1i1p1_420601-423012.nc
cmip5,output1,NASA-GISS,GISS-E2-R,piControl,mon,atmos,Amon,r1i1p1,v20121017,tas,423101-425512,netcdf,/work/kd0956/CMIP5/data/cmip5/output1/NASA-GISS/GISS-E2-R/piControl/mon/atmos/Amon/r1i1p1/v20121017/tas/tas_Amon_GISS-E2-R_piControl_r1i1p1_423101-425512.nc
cmip5,output1,NASA-GISS,GISS-E2-R,piControl,mon,atmos,Amon,r1i1p1,v20121017,tas,425601-428012,netcdf,/work/kd0956/CMIP5/data/cmip5/output1/NASA-GISS/GISS-E2-R/piControl/mon/atmos/Amon/r1i1p1/v20121017/tas/tas_Amon_GISS-E2-R_piControl_r1i1p1_425601-428012.nc
cmip5,output1,NASA-GISS,GISS-E2-R,piControl,mon,atmos,Amon,r1i1p1,v20121017,tas,428101-430512,netcdf,/work/kd0956/CMIP5/data/cmip5/output1/NASA-GISS/GISS-E2-R/piControl/mon/atmos/Amon/r1i1p1/v20121017/tas/tas_Amon_GISS-E2-R_piControl_r1i1p1_428101-430512.nc
cmip5,output1,NASA-GISS,GISS-E2-R,piControl,mon,atmos,Amon,r1i1p1,v20121017,tas,430601-433012,netcdf,/work/kd0956/CMIP5/data/cmip5/output1/NASA-GISS/GISS-E2-R/piControl/mon/atmos/Amon/r1i1p1/v20121017/tas/tas_Amon_GISS-E2-R_piControl_r1i1p1_430601-433012.nc
cmip5,output1,NASA-GISS,GISS-E2-R,piControl,mon,atmos,Amon,r1i1p1,v20121017,tas,433101-435512,netcdf,/work/kd0956/CMIP5/data/cmip5/output1/NASA-GISS/GISS-E2-R/piControl/mon/atmos/Amon/r1i1p1/v20121017/tas/tas_Amon_GISS-E2-R_piControl_r1i1p1_433101-435512.nc
cmip5,output1,NASA-GISS,GISS-E2-R,piControl,mon,atmos,Amon,r1i1p1,v20121017,tas,435601-438012,netcdf,/work/kd0956/CMIP5/data/cmip5/output1/NASA-GISS/GISS-E2-R/piControl/mon/atmos/Amon/r1i1p1/v20121017/tas/tas_Amon_GISS-E2-R_piControl_r1i1p1_435601-438012.nc
cmip5,output1,NASA-GISS,GISS-E2-R,piControl,mon,atmos,Amon,r1i1p1,v20121017,tas,438101-440512,netcdf,/work/kd0956/CMIP5/data/cmip5/output1/NASA-GISS/GISS-E2-R/piControl/mon/atmos/Amon/r1i1p1/v20121017/tas/tas_Amon_GISS-E2-R_piControl_r1i1p1_438101-440512.nc
cmip5,output1,NASA-GISS,GISS-E2-R,piControl,mon,atmos,Amon,r1i1p1,v20121017,tas,440601-443012,netcdf,/work/kd0956/CMIP5/data/cmip5/output1/NASA-GISS/GISS-E2-R/piControl/mon/atmos/Amon/r1i1p1/v20121017/tas/tas_Amon_GISS-E2-R_piControl_r1i1p1_440601-443012.nc
cmip5,output1,NASA-GISS,GISS-E2-R,piControl,mon,atmos,Amon,r1i1p1,v20121017,tas,443101-445512,netcdf,/work/kd0956/CMIP5/data/cmip5/output1/NASA-GISS/GISS-E2-R/piControl/mon/atmos/Amon/r1i1p1/v20121017/tas/tas_Amon_GISS-E2-R_piControl_r1i1p1_443101-445512.nc
cmip5,output1,NASA-GISS,GISS-E2-R,piControl,mon,atmos,Amon,r1i1p1,v20121017,tas,445601-448012,netcdf,/work/kd0956/CMIP5/data/cmip5/output1/NASA-GISS/GISS-E2-R/piControl/mon/atmos/Amon/r1i1p1/v20121017/tas/tas_Amon_GISS-E2-R_piControl_r1i1p1_445601-448012.nc
cmip5,output1,NASA-GISS,GISS-E2-R,piControl,mon,atmos,Amon,r1i1p1,v20121017,tas,448101-450512,netcdf,/work/kd0956/CMIP5/data/cmip5/output1/NASA-GISS/GISS-E2-R/piControl/mon/atmos/Amon/r1i1p1/v20121017/tas/tas_Amon_GISS-E2-R_piControl_r1i1p1_448101-450512.nc
cmip5,output1,NASA-GISS,GISS-E2-R,piControl,mon,atmos,Amon,r1i1p1,v20121017,tas,450601-453012,netcdf,/work/kd0956/CMIP5/data/cmip5/output1/NASA-GISS/GISS-E2-R/piControl/mon/atmos/Amon/r1i1p1/v20121017/tas/tas_Amon_GISS-E2-R_piControl_r1i1p1_450601-453012.nc
cmip5,output1,MOHC,HadGEM2-ES,piControl,mon,atmos,Amon,r1i1p1,v20130114,tas,185912-188411,netcdf,/work/kd0956/CMIP5/data/cmip5/output1/MOHC/HadGEM2-ES/piControl/mon/atmos/Amon/r1i1p1/v20130114/tas/tas_Amon_HadGEM2-ES_piControl_r1i1p1_185912-188411.nc
cmip5,output1,MOHC,HadGEM2-ES,piControl,mon,atmos,Amon,r1i1p1,v20130114,tas,188412-190911,netcdf,/work/kd0956/CMIP5/data/cmip5/output1/MOHC/HadGEM2-ES/piControl/mon/atmos/Amon/r1i1p1/v20130114/tas/tas_Amon_HadGEM2-ES_piControl_r1i1p1_188412-190911.nc
cmip5,output1,MOHC,HadGEM2-ES,piControl,mon,atmos,Amon,r1i1p1,v20130114,tas,190912-193411,netcdf,/work/kd0956/CMIP5/data/cmip5/output1/MOHC/HadGEM2-ES/piControl/mon/atmos/Amon/r1i1p1/v20130114/tas/tas_Amon_HadGEM2-ES_piControl_r1i1p1_190912-193411.nc
cmip5,output1,MOHC,HadGEM2-ES,piControl,mon,atmos,Amon,r1i1p1,v20130114,tas,193412-195911,netcdf,/work/kd0956/CMIP5/data/cmip5/output1/MOHC/HadGEM2-ES/piControl/mon/atmos/Amon/r1i1p1/v20130114/tas/tas_Amon_HadGEM2-ES_piControl_r1i1p1_193412-195911.nc
cmip5,output1,MOHC,HadGEM2-ES,piControl,mon,atmos,Amon,r1i1p1,v20130114,tas,195912-198411,netcdf,/work/kd0956/CMIP5/data/cmip5/output1/MOHC/HadGEM2-ES/piControl/mon/atmos/Amon/r1i1p1/v20130114/tas/tas_Amon_HadGEM2-ES_piControl_r1i1p1_195912-198411.nc
cmip5,output1,MOHC,HadGEM2-ES,piControl,mon,atmos,Amon,r1i1p1,v20130114,tas,198412-200911,netcdf,/work/kd0956/CMIP5/data/cmip5/output1/MOHC/HadGEM2-ES/piControl/mon/atmos/Amon/r1i1p1/v20130114/tas/tas_Amon_HadGEM2-ES_piControl_r1i1p1_198412-200911.nc
cmip5,output1,MOHC,HadGEM2-ES,piControl,mon,atmos,Amon,r1i1p1,v20130114,tas,200912-203411,netcdf,/work/kd0956/CMIP5/data/cmip5/output1/MOHC/HadGEM2-ES/piControl/mon/atmos/Amon/r1i1p1/v20130114/tas/tas_Amon_HadGEM2-ES_piControl_r1i1p1_200912-203411.nc
cmip5,output1,MOHC,HadGEM2-ES,piControl,mon,atmos,Amon,r1i1p1,v20130114,tas,203412-205911,netcdf,/work/kd0956/CMIP5/data/cmip5/output1/MOHC/HadGEM2-ES/piControl/mon/atmos/Amon/r1i1p1/v20130114/tas/tas_Amon_HadGEM2-ES_piControl_r1i1p1_203412-205911.nc
cmip5,output1,MOHC,HadGEM2-ES,piControl,mon,atmos,Amon,r1i1p1,v20130114,tas,205912-208411,netcdf,/work/kd0956/CMIP5/data/cmip5/output1/MOHC/HadGEM2-ES/piControl/mon/atmos/Amon/r1i1p1/v20130114/tas/tas_Amon_HadGEM2-ES_piControl_r1i1p1_205912-208411.nc
cmip5,output1,MOHC,HadGEM2-ES,piControl,mon,atmos,Amon,r1i1p1,v20130114,tas,208412-209910,netcdf,/work/kd0956/CMIP5/data/cmip5/output1/MOHC/HadGEM2-ES/piControl/mon/atmos/Amon/r1i1p1/v20130114/tas/tas_Amon_HadGEM2-ES_piControl_r1i1p1_208412-209910.nc
cmip5,output1,MOHC,HadGEM2-ES,piControl,mon,atmos,Amon,r1i1p1,v20130114,tas,209812-212311,netcdf,/work/kd0956/CMIP5/data/cmip5/output1/MOHC/HadGEM2-ES/piControl/mon/atmos/Amon/r1i1p1/v20130114/tas/tas_Amon_HadGEM2-ES_piControl_r1i1p1_209812-212311.nc
cmip5,output1,MOHC,HadGEM2-ES,piControl,mon,atmos,Amon,r1i1p1,v20130114,tas,212312-214811,netcdf,/work/kd0956/CMIP5/data/cmip5/output1/MOHC/HadGEM2-ES/piControl/mon/atmos/Amon/r1i1p1/v20130114/tas/tas_Amon_HadGEM2-ES_piControl_r1i1p1_212312-214811.nc
cmip5,output1,MOHC,HadGEM2-ES,piControl,mon,atmos,Amon,r1i1p1,v20130114,tas,214812-217311,netcdf,/work/kd0956/CMIP5/data/cmip5/output1/MOHC/HadGEM2-ES/piControl/mon/atmos/Amon/r1i1p1/v20130114/tas/tas_Amon_HadGEM2-ES_piControl_r1i1p1_214812-217311.nc
cmip5,output1,MOHC,HadGEM2-ES,piControl,mon,atmos,Amon,r1i1p1,v20130114,tas,217312-219811,netcdf,/work/kd0956/CMIP5/data/cmip5/output1/MOHC/HadGEM2-ES/piControl/mon/atmos/Amon/r1i1p1/v20130114/tas/tas_Amon_HadGEM2-ES_piControl_r1i1p1_217312-219811.nc
cmip5,output1,MOHC,HadGEM2-ES,piControl,mon,atmos,Amon,r1i1p1,v20130114,tas,219812-222311,netcdf,/work/kd0956/CMIP5/data/cmip5/output1/MOHC/HadGEM2-ES/piControl/mon/atmos/Amon/r1i1p1/v20130114/tas/tas_Amon_HadGEM2-ES_piControl_r1i1p1_219812-222311.nc
cmip5,output1,MOHC,HadGEM2-ES,piControl,mon,atmos,Amon,r1i1p1,v20130114,tas,222312-224811,netcdf,/work/kd0956/CMIP5/data/cmip5/output1/MOHC/HadGEM2-ES/piControl/mon/atmos/Amon/r1i1p1/v20130114/tas/tas_Amon_HadGEM2-ES_piControl_r1i1p1_222312-224811.nc
cmip5,output1,MOHC,HadGEM2-ES,piControl,mon,atmos,Amon,r1i1p1,v20130114,tas,224812-227311,netcdf,/work/kd0956/CMIP5/data/cmip5/output1/MOHC/HadGEM2-ES/piControl/mon/atmos/Amon/r1i1p1/v20130114/tas/tas_Amon_HadGEM2-ES_piControl_r1i1p1_224812-227311.nc
cmip5,output1,MOHC,HadGEM2-ES,piControl,mon,atmos,Amon,r1i1p1,v20130114,tas,227312-229811,netcdf,/work/kd0956/CMIP5/data/cmip5/output1/MOHC/HadGEM2-ES/piControl/mon/atmos/Amon/r1i1p1/v20130114/tas/tas_Amon_HadGEM2-ES_piControl_r1i1p1_227312-229811.nc
cmip5,output1,MOHC,HadGEM2-ES,piControl,mon,atmos,Amon,r1i1p1,v20130114,tas,229812-232311,netcdf,/work/kd0956/CMIP5/data/cmip5/output1/MOHC/HadGEM2-ES/piControl/mon/atmos/Amon/r1i1p1/v20130114/tas/tas_Amon_HadGEM2-ES_piControl_r1i1p1_229812-232311.nc
cmip5,output1,MOHC,HadGEM2-ES,piControl,mon,atmos,Amon,r1i1p1,v20130114,tas,232312-234811,netcdf,/work/kd0956/CMIP5/data/cmip5/output1/MOHC/HadGEM2-ES/piControl/mon/atmos/Amon/r1i1p1/v20130114/tas/tas_Amon_HadGEM2-ES_piControl_r1i1p1_232312-234811.nc
cmip5,output1,MOHC,HadGEM2-ES,piControl,mon,atmos,Amon,r1i1p1,v20130114,tas,234812-235511,netcdf,/work/kd0956/CMIP5/data/cmip5/output1/MOHC/HadGEM2-ES/piControl/mon/atmos/Amon/r1i1p1/v20130114/tas/tas_Amon_HadGEM2-ES_piControl_r1i1p1_234812-235511.nc
cmip5,output1,MOHC,HadGEM2-ES,piControl,mon,atmos,Amon,r1i1p1,v20130114,tas,235512-238011,netcdf,/work/kd0956/CMIP5/data/cmip5/output1/MOHC/HadGEM2-ES/piControl/mon/atmos/Amon/r1i1p1/v20130114/tas/tas_Amon_HadGEM2-ES_piControl_r1i1p1_235512-238011.nc
cmip5,output1,MOHC,HadGEM2-ES,piControl,mon,atmos,Amon,r1i1p1,v20130114,tas,238012-240511,netcdf,/work/kd0956/CMIP5/data/cmip5/output1/MOHC/HadGEM2-ES/piControl/mon/atmos/Amon/r1i1p1/v20130114/tas/tas_Amon_HadGEM2-ES_piControl_r1i1p1_238012-240511.nc
cmip5,output1,MOHC,HadGEM2-ES,piControl,mon,atmos,Amon,r1i1p1,v20130114,tas,240512-243011,netcdf,/work/kd0956/CMIP5/data/cmip5/output1/MOHC/HadGEM2-ES/piControl/mon/atmos/Amon/r1i1p1/v20130114/tas/tas_Amon_HadGEM2-ES_piControl_r1i1p1_240512-243011.nc
cmip5,output1,MOHC,HadGEM2-ES,piControl,mon,atmos,Amon,r1i1p1,v20130114,tas,243012-243511,netcdf,/work/kd0956/CMIP5/data/cmip5/output1/MOHC/HadGEM2-ES/piControl/mon/atmos/Amon/r1i1p1/v20130114/tas/tas_Amon_HadGEM2-ES_piControl_r1i1p1_243012-243511.nc
cmip5,output1,IPSL,IPSL-CM5A-LR,piControl,mon,atmos,Amon,r1i1p1,v20110324,tas,180001-279912,netcdf,/work/kd0956/CMIP5/data/cmip5/output1/IPSL/IPSL-CM5A-LR/piControl/mon/atmos/Amon/r1i1p1/v20110324/tas/tas_Amon_IPSL-CM5A-LR_piControl_r1i1p1_180001-279912.nc
cmip5,output1,MIROC,MIROC-ESM,piControl,mon,atmos,Amon,r1i1p1,v20120710,tas,180001-233012,netcdf,/work/kd0956/CMIP5/data/cmip5/output1/MIROC/MIROC-ESM/piControl/mon/atmos/Amon/r1i1p1/v20120710/tas/tas_Amon_MIROC-ESM_piControl_r1i1p1_180001-233012.nc
cmip5,output1,MIROC,MIROC-ESM,piControl,mon,atmos,Amon,r1i1p1,v20120710,tas,233101-242912,netcdf,/work/kd0956/CMIP5/data/cmip5/output1/MIROC/MIROC-ESM/piControl/mon/atmos/Amon/r1i1p1/v20120710/tas/tas_Amon_MIROC-ESM_piControl_r1i1p1_233101-242912.nc
cmip5,output1,MIROC,MIROC-ESM-CHEM,piControl,mon,atmos,Amon,r1i1p1,v20120710,tas,184601-210012,netcdf,/work/kd0956/CMIP5/data/cmip5/output1/MIROC/MIROC-ESM-CHEM/piControl/mon/atmos/Amon/r1i1p1/v20120710/tas/tas_Amon_MIROC-ESM-CHEM_piControl_r1i1p1_184601-210012.nc
cmip5,output1,MRI,MRI-CGCM3,piControl,mon,atmos,Amon,r1i1p1,v20120701,tas,185101-235012,netcdf,/work/kd0956/CMIP5/data/cmip5/output1/MRI/MRI-CGCM3/piControl/mon/atmos/Amon/r1i1p1/v20120701/tas/tas_Amon_MRI-CGCM3_piControl_r1i1p1_185101-235012.nc
cmip5,output1,NCC,NorESM1-M,piControl,mon,atmos,Amon,r1i1p1,v20120412,tas,070001-115012,netcdf,/work/kd0956/CMIP5/data/cmip5/output1/NCC/NorESM1-M/piControl/mon/atmos/Amon/r1i1p1/v20120412/tas/tas_Amon_NorESM1-M_piControl_r1i1p1_070001-115012.nc
cmip5,output1,NCC,NorESM1-M,piControl,mon,atmos,Amon,r1i1p1,v20120412,tas,115101-120012,netcdf,/work/kd0956/CMIP5/data/cmip5/output1/NCC/NorESM1-M/piControl/mon/atmos/Amon/r1i1p1/v20120412/tas/tas_Amon_NorESM1-M_piControl_r1i1p1_115101-120012.nc
cmip5,output1,BCC,bcc-csm1-1,piControl,mon,atmos,Amon,r1i1p1,v1,tas,000101-050012,netcdf,/work/kd0956/CMIP5/data/cmip5/output1/BCC/bcc-csm1-1/piControl/mon/atmos/Amon/r1i1p1/v1/tas/tas_Amon_bcc-csm1-1_piControl_r1i1p1_000101-050012.nc
